Date,Steps_AM,VR_AM,VR_Game,VR_HR_Values,Total Steps,Total_AM,VR_Ratio
24/8/17,29,,,,7691,29,
25/8/17,27,,,,8544,27,
26/8/17,4,,,,4385,4,
27/8/17,7,,,,5455,7,
28/8/17,43,,,,9333,43,
29/8/17,77,,,,15672,77,
30/8/17,38,,,,10361,38,
31/8/17,57,,,,12478,57,
1/9/17,37,,,,10724,37,
2/9/17,14,,,,8989,14,
3/9/17,,,,,0,0,
4/9/17,52,20,FruitNinja,"91.0, 92.0, 93.0, 93.0, 97.0, 97.0, 98.0, 100.0, 100.0, 103.0, 105.0, 107.0, 107.0, 112.0, 113.0, 114.0, 115.0, 118.0, 118.0, 114.0, 124.0, 124.0, 123.0, 123.0, 123.0, 122.0, 122.0, 121.0, 121.0, 120.0, 118.0, 118.0, 119.0, 119.0, 119.0, 119.0, 119.0, 119.0, 121.0, 122.0, 122.0, 125.0, 126.0, 127.0, 128.0, 130.0, 133.0, 135.0, 136.0, 137.0, 139.0, 133.0, 133.0, 140.0, 143.0, 143.0, 144.0, 143.0, 142.0, 144.0, 144.0, 143.0, 143.0, 144.0, 144.0, 144.0, 144.0, 143.0, 144.0, 143.0, 141.0, 140.0, 139.0, 139.0, 140.0, 140.0, 138.0, 140.0, 140.0, 140.0, 140.0, 141.0, 141.0, 142.0, 144.0, 144.0, 144.0, 145.0, 147.0, 150.0, 151.0, 151.0, 151.0, 146.0, 152.0, 155.0, 157.0, 158.0, 158.0, 158.0, 159.0, 159.0, 159.0, 156.0, 158.0, 158.0, 158.0, 157.0, 157.0, 156.0, 156.0, 157.0, 157.0, 154.0, 154.0, 155.0, 155.0, 155.0, 154.0, 154.0, 154.0, 154.0, 155.0, 155.0, 155.0, 155.0, 155.0, 155.0, 156.0, 156.0, 157.0, 157.0, 156.0, 157.0, 157.0, 160.0, 160.0, 158.0, 160.0, 160.0, 160.0, 160.0, 161.0, 162.0, 160.0, 161.0, 161.0, 161.0, 161.0, 160.0, 159.0, 158.0, 157.0, 155.0, 154.0, 154.0, 154.0, 154.0, 154.0, 153.0, 152.0, 151.0, 151.0, 152.0, 152.0, 152.0, 153.0, 153.0, 153.0, 153.0, 154.0, 154.0, 154.0, 153.0, 155.0, 156.0, 155.0, 156.0, 157.0, 157.0, 157.0, 158.0, 156.0, 156.0, 155.0, 153.0, 153.0, 152.0, 151.0, 152.0, 152.0, 151.0, 151.0, 151.0, 151.0, 148.0, 146.0, 145.0, 144.0, 142.0, 140.0, 140.0, 139.0, 139.0, 141.0, 141.0, 141.0, 142.0, 143.0, 143.0, 145.0, 145.0, 147.0, 147.0, 148.0, 149.0, 150.0, 151.0, 151.0, 153.0, 154.0, 155.0, 156.0, 156.0, 156.0, 155.0, 155.0, 153.0, 150.0, 149.0, 148.0, 147.0, 146.0, 145.0, 145.0, 146.0, 145.0, 145.0, 146.0, 146.0, 146.0, 145.0, 143.0, 142.0, 142.0, 141.0, 140.0, 140.0, 140.0, 140.0, 141.0, 143.0, 142.0, 141.0, 140.0, 139.0, 139.0, 141.0, 141.0, 142.0, 143.0, 144.0, 146.0, 146.0, 146.0, 146.0, 146.0, 140.0, 139.0, 138.0, 137.0, 137.0, 138.0, 141.0, 142.0, 142.0, 142.0, 142.0, 143.0, 142.0, 142.0, 140.0, 139.0, 139.0, 139.0, 138.0, 137.0, 138.0, 138.0, 140.0, 141.0, 142.0, 143.0, 143.0, 145.0, 146.0, 146.0, 147.0, 148.0, 148.0, 150.0, 151.0, 152.0, 153.0, 154.0, 154.0, 157.0, 157.0, 157.0, 157.0, 158.0, 158.0, 158.0, 160.0, 160.0, 160.0, 161.0, 161.0, 160.0, 160.0, 159.0, 158.0, 156.0, 156.0, 154.0, 154.0, 155.0, 157.0, 154.0, 155.0, 155.0, 154.0, 155.0, 156.0, 157.0, 155.0, 157.0, 158.0, 158.0, 157.0, 157.0, 156.0, 156.0, 156.0, 153.0, 152.0, 152.0, 151.0, 149.0, 149.0, 149.0, 149.0, 149.0, 148.0, 147.0, 145.0, 144.0, 144.0, 143.0, 143.0, 143.0, 142.0, 141.0, 141.0, 139.0, 140.0, 142.0, 142.0, 141.0, 142.0, 144.0, 144.0, 144.0, 144.0, 145.0, 147.0, 148.0, 151.0, 151.0, 151.0, 151.0, 152.0, 152.0, 151.0, 152.0, 153.0, 153.0, 152.0, 150.0, 150.0, 150.0, 150.0, 148.0, 147.0, 146.0, 146.0, 147.0, 147.0, 147.0, 154.0, 154.0, 154.0, 149.0, 148.0, 149.0, 151.0, 152.0, 155.0, 156.0, 156.0, 159.0, 159.0, 160.0, 161.0, 161.0, 163.0, 163.0, 164.0, 165.0, 166.0, 166.0, 167.0, 166.0, 166.0, 166.0, 166.0, 166.0, 166.0, 165.0, 164.0, 164.0, 164.0, 163.0, 162.0, 162.0, 162.0, 162.0, 162.0, 162.0, 162.0, 163.0, 163.0, 163.0, 163.0, 163.0, 163.0, 160.0, 161.0, 162.0, 163.0, 163.0, 163.0, 163.0, 164.0, 164.0, 164.0, 165.0, 166.0, 166.0, 166.0, 165.0, 164.0, 163.0, 162.0, 161.0, 160.0, 160.0, 159.0, 159.0, 159.0, 159.0, 158.0, 158.0, 158.0, 158.0, 158.0, 156.0, 155.0, 155.0, 154.0, 154.0, 152.0, 152.0, 151.0, 150.0, 150.0, 150.0, 150.0, 152.0, 152.0, 151.0, 152.0, 152.0, 152.0, 152.0, 153.0, 155.0, 156.0, 156.0, 156.0, 156.0, 155.0, 154.0, 154.0, 154.0, 152.0, 152.0, 151.0, 152.0, 151.0, 150.0, 150.0, 150.0, 151.0, 151.0, 151.0, 151.0, 153.0, 152.0, 154.0, 155.0, 154.0, 155.0, 154.0, 155.0, 156.0, 156.0, 156.0, 156.0, 158.0, 160.0, 159.0, 160.0, 160.0, 161.0, 161.0, 161.0, 162.0, 162.0, 162.0, 162.0, 163.0, 163.0, 163.0, 162.0, 161.0, 159.0, 157.0, 157.0, 156.0, 156.0, 156.0, 156.0, 156.0, 156.0, 155.0, 155.0, 155.0, 155.0, 155.0, 154.0, 154.0, 153.0, 154.0, 153.0, 153.0, 154.0, 153.0, 154.0, 154.0, 154.0, 156.0, 155.0, 156.0, 159.0, 158.0, 159.0, 160.0, 160.0, 160.0, 160.0, 161.0, 161.0, 160.0, 159.0, 159.0, 158.0, 158.0, 158.0, 156.0, 156.0, 155.0, 154.0, 153.0, 152.0, 152.0, 152.0, 152.0, 152.0, 152.0, 153.0, 153.0, 153.0, 154.0, 155.0, 155.0, 156.0, 157.0, 156.0, 155.0, 155.0, 155.0, 156.0, 156.0, 157.0, 158.0, 158.0, 159.0, 159.0, 160.0, 161.0, 162.0, 162.0, 163.0, 162.0, 162.0, 162.0, 162.0, 162.0, 162.0, 162.0, 162.0, 162.0, 163.0, 162.0, 163.0, 163.0, 163.0, 163.0, 162.0, 162.0, 161.0, 161.0, 160.0, 160.0, 159.0, 159.0, 159.0, 159.0, 160.0, 160.0, 161.0, 162.0, 163.0, 163.0, 163.0, 163.0, 164.0, 164.0, 164.0, 165.0, 165.0, 166.0, 167.0, 167.0, 167.0, 167.0, 167.0, 167.0, 167.0, 168.0, 168.0, 167.0, 167.0, 167.0, 168.0, 167.0, 168.0, 168.0, 168.0, 168.0, 168.0, 169.0, 169.0, 170.0, 169.0, 169.0, 168.0, 168.0, 168.0, 168.0, 168.0, 168.0, 167.0, 167.0, 167.0, 166.0, 167.0, 167.0, 168.0, 167.0, 168.0, 168.0, 168.0, 167.0, 168.0, 168.0, 167.0, 169.0, 169.0, 170.0, 170.0, 170.0, 171.0, 171.0, 171.0, 172.0, 172.0, 172.0, 171.0, 170.0, 169.0, 168.0, 168.0, 167.0, 166.0, 166.0, 165.0, 164.0, 164.0, 163.0, 163.0, 163.0, 162.0, 160.0, 160.0, 158.0, 158.0, 156.0, 156.0, 154.0, 153.0, 152.0, 151.0, 151.0, 150.0, 149.0, 149.0, 147.0, 145.0, 145.0, 145.0, 145.0, 145.0, 145.0, 146.0, 146.0, 147.0, 146.0, 143.0, 142.0, 139.0, 138.0, 139.0, 139.0, 140.0, 141.0, 141.0, 142.0, 142.0, 142.0, 143.0, 142.0, 140.0, 140.0, 138.0, 137.0, 136.0, 137.0, 136.0, 133.0, 133.0, 135.0, 134.0, 136.0, 136.0, 135.0, 135.0, 136.0, 134.0, 132.0, 130.0, 128.0, 128.0, 129.0, 130.0, 132.0, 130.0, 129.0, 127.0, 124.0, 123.0, 121.0, 121.0, 120.0, 119.0, 120.0, 120.0, 121.0, 122.0, 121.0, 122.0, 122.0, 121.0, 120.0, 118.0, 116.0, 115.0, 114.0, 114.0, 113.0, 113.0, 112.0, 112.0, 109.0, 109.0, 109.0, 108.0, 109.0, 111.0, 111.0, 111.0, 112.0, 111.0, 111.0, 110.0, 110.0, 111.0, 111.0, 111.0, 111.0, 110.0, 108.0, 107.0, 107.0, 106.0, 106.0, 107.0, 107.0, 107.0, 108.0, 109.0, 109.0, 109.0, 109.0, 110.0, 110.0, 111.0, 112.0, 111.0, 110.0, 110.0, 110.0, 110.0, 110.0, 113.0, 113.0, 119.0, 120.0, 122.0, 122.0, 122.0, 120.0, 117.0, 114.0, 113.0, 110.0, 108.0, 108.0, 111.0, 112.0, 113.0, 114.0, 115.0, 117.0, 118.0, 117.0, 114.0, 111.0, 106.0, 105.0, 106.0, 108.0, 110.0, 110.0, 109.0, 107.0, 108.0, 109.0, 111.0, 112.0, 112.0, 112.0, 110.0, 110.0, 110.0, 108.0, 108.0, 110.0, 112.0, 112.0, 111.0, 109.0, 108.0, 108.0, 108.0, 106.0, 106.0, 106.0, 108.0, 110.0, 113.0, 115.0, 118.0, 118.0, 117.0, 117.0, 116.0, 114.0, 114.0, 114.0, 115.0, 117.0, 117.0, 116.0, 114.0, 115.0, 115.0, 115.0, 115.0, 114.0, 113.0, 112.0, 112.0, 112.0, 114.0, 113.0, 113.0, 112.0, 111.0, 109.0, 108.0, 107.0, 108.0, 108.0, 109.0, 109.0, 110.0, 110.0, 112.0, 111.0, 111.0, 112.0, 113.0, 113.0, 114.0, 115.0, 116.0, 117.0, 117.0, 117.0, 116.0, 115.0, 113.0, 110.0, 109.0, 110.0, 110.0, 110.0, 110.0, 110.0, 111.0, 110.0, 107.0, 105.0, 97.0, 97.0, 96.0, 95.0, 94.0, 95.0, 98.0, 99.0, 101.0, 101.0, 100.0, 98.0, 97.0, 97.0, 99.0, 99.0, 101.0, 102.0, 103.0, 103.0, 102.0, 99.0, 100.0, 100.0, 103.0, 103.0, 104.0, 105.0, 102.0, 101.0, 102.0, 103.0, 102.0, 103.0, 103.0, 103.0, 103.0, 102.0, 103.0, 104.0, 104.0, 104.0, 104.0, 104.0, 106.0, 107.0, 108.0, 108.0, 106.0, 104.0, 102.0, 101.0, 101.0, 101.0, 103.0, 104.0, 104.0, 108.0, 109.0, 111.0, 112.0, 114.0, 114.0, 114.0, 113.0, 111.0, 108.0, 108.0, 107.0, 107.0, 108.0, 109.0, 111.0, 112.0, 111.0, 108.0, 102.0, 99.0, 100.0, 104.0, 104.0, 105.0, 106.0, 108.0, 107.0, 107.0, 107.0, 102.0, 99.0, 97.0, 98.0, 98.0, 99.0, 98.0, 100.0, 100.0, 101.0, 100.0, 101.0, 102.0, 101.0, 100.0, 100.0, 100.0, 100.0, 99.0, 98.0, 100.0, 100.0, 103.0, 104.0, 105.0, 104.0, 100.0, 97.0, 93.0, 93.0, 93.0, 94.0, 95.0, 97.0, 98.0, 100.0, 100.0, 104.0, 100.0, 95.0, 94.0, 95.0, 97.0, 100.0, 100.0, 104.0, 107.0, 107.0, 108.0, 108.0, 108.0, 108.0, 109.0, 109.0, 111.0, 112.0, 114.0, 112.0, 106.0, 105.0, 102.0, 103.0, 103.0, 104.0, 104.0, 103.0, 103.0, 103.0, 104.0, 104.0, 104.0, 99.0, 97.0, 95.0, 95.0, 95.0, 96.0, 97.0, 96.0, 93.0, 94.0, 96.0, 99.0, 101.0, 102.0, 103.0, 104.0, 104.0, 104.0, 106.0, 109.0, 111.0, 112.0, 110.0, 110.0, 110.0, 110.0, 92.0",10583,72,1
5/9/17,63,,,,13761,63,
6/9/17,7,16,Longbow,"97.0, 97.0, 97.0, 97.0, 93.0, 95.0, 97.0, 96.0, 96.0, 97.0, 94.0, 94.0, 95.0, 98.0, 96.0, 95.0, 94.0, 94.0, 88.0, 96.0, 99.0, 98.0, 95.0, 93.0, 92.0, 91.0, 89.0, 90.0, 93.0, 93.0, 98.0, 100.0, 95.0, 94.0, 96.0, 97.0, 97.0, 99.0, 100.0, 101.0, 98.0, 92.0, 90.0, 92.0, 91.0, 94.0, 92.0, 92.0, 94.0, 92.0, 93.0, 94.0, 90.0, 90.0, 83.0, 84.0, 84.0, 83.0, 84.0, 84.0, 85.0, 85.0, 77.0, 79.0, 80.0, 80.0, 78.0, 78.0, 81.0, 83.0, 87.0, 89.0, 91.0, 92.0, 96.0, 100.0, 100.0, 100.0, 97.0, 94.0, 94.0, 89.0, 87.0, 86.0, 87.0, 89.0, 90.0, 94.0, 93.0, 95.0, 94.0, 91.0, 87.0, 95.0, 97.0, 94.0, 93.0, 91.0, 90.0, 90.0, 91.0, 92.0, 92.0, 95.0, 94.0, 94.0, 93.0, 92.0, 93.0, 98.0, 100.0, 99.0, 98.0, 94.0, 98.0, 98.0, 99.0, 97.0, 94.0, 92.0, 91.0, 91.0, 91.0, 94.0, 94.0, 96.0, 95.0, 91.0, 90.0, 90.0, 90.0, 94.0, 94.0, 93.0, 93.0, 97.0, 101.0, 95.0, 89.0, 89.0, 89.0, 81.0, 79.0, 84.0, 86.0, 90.0, 92.0, 96.0, 100.0, 101.0, 103.0, 104.0, 101.0, 98.0, 98.0, 97.0, 99.0, 99.0, 96.0, 101.0, 101.0, 91.0, 91.0, 85.0, 83.0, 85.0, 88.0, 94.0, 94.0, 100.0, 101.0, 100.0, 100.0, 101.0, 100.0, 100.0, 101.0, 100.0, 97.0, 97.0, 96.0, 97.0, 97.0, 97.0, 98.0, 99.0, 101.0, 100.0, 97.0, 97.0, 98.0, 99.0, 99.0, 100.0, 99.0, 98.0, 97.0, 100.0, 97.0, 96.0, 96.0, 96.0, 99.0, 100.0, 98.0, 99.0, 99.0, 102.0, 103.0, 105.0, 107.0, 102.0, 100.0, 92.0, 92.0, 95.0, 99.0, 99.0, 95.0, 95.0, 93.0, 94.0, 94.0, 100.0, 100.0, 101.0, 105.0, 105.0, 101.0, 97.0, 97.0, 91.0, 91.0, 96.0, 102.0, 102.0, 102.0, 98.0, 102.0, 99.0, 95.0, 95.0, 100.0, 103.0, 103.0, 96.0, 96.0, 91.0, 98.0, 101.0, 101.0, 100.0, 98.0, 97.0, 100.0, 101.0, 104.0, 103.0, 104.0, 102.0, 100.0, 98.0, 101.0, 103.0, 103.0, 103.0, 102.0, 101.0, 99.0, 102.0, 105.0, 105.0, 106.0, 107.0, 101.0, 99.0, 98.0, 102.0, 98.0, 90.0, 86.0, 90.0, 92.0, 92.0, 91.0, 90.0, 84.0, 84.0, 93.0, 91.0, 86.0, 85.0, 84.0, 84.0, 87.0, 90.0, 95.0, 97.0, 98.0, 98.0, 98.0, 91.0, 89.0, 89.0, 90.0, 90.0, 90.0, 95.0, 99.0, 103.0, 105.0, 106.0, 109.0, 109.0, 107.0, 107.0, 96.0, 93.0, 98.0, 100.0, 101.0, 101.0, 101.0, 101.0, 103.0, 104.0, 104.0, 107.0, 102.0, 102.0, 96.0, 96.0, 98.0, 101.0, 103.0, 105.0, 107.0, 108.0, 110.0, 110.0, 109.0, 109.0, 103.0, 101.0, 102.0, 99.0, 102.0, 102.0, 106.0, 105.0, 100.0, 100.0, 99.0, 96.0, 101.0, 103.0, 105.0, 106.0, 105.0, 106.0, 100.0, 103.0, 100.0, 101.0, 104.0, 104.0, 103.0, 104.0, 104.0, 103.0, 103.0, 105.0, 107.0, 107.0, 108.0, 108.0, 105.0, 100.0, 99.0, 101.0, 105.0, 107.0, 109.0, 107.0, 106.0, 99.0, 101.0, 97.0, 96.0, 99.0, 101.0, 103.0, 105.0, 101.0, 101.0, 103.0, 103.0, 105.0, 106.0, 106.0, 106.0, 104.0, 104.0, 103.0, 102.0, 103.0, 105.0, 107.0, 108.0, 107.0, 105.0, 103.0, 102.0, 98.0, 95.0, 99.0, 101.0, 102.0, 104.0, 104.0, 103.0, 103.0, 100.0, 97.0, 94.0, 93.0, 90.0, 94.0, 96.0, 95.0, 97.0, 95.0, 95.0, 100.0, 102.0, 102.0, 99.0, 98.0, 99.0, 102.0, 104.0, 104.0, 101.0, 102.0, 102.0, 102.0, 102.0, 102.0, 104.0, 101.0, 100.0, 101.0, 102.0, 105.0, 108.0, 109.0, 106.0, 99.0, 99.0, 97.0, 101.0, 103.0, 104.0, 105.0, 107.0, 108.0, 104.0, 105.0, 106.0, 110.0, 111.0, 113.0, 115.0, 114.0, 114.0, 112.0, 108.0, 107.0, 109.0, 109.0, 112.0, 113.0, 114.0, 112.0, 107.0, 107.0, 102.0, 105.0, 108.0, 111.0, 110.0, 110.0, 112.0, 112.0, 110.0, 111.0, 113.0, 114.0, 114.0, 114.0, 114.0, 115.0, 112.0, 110.0, 111.0, 111.0, 113.0, 113.0, 114.0, 114.0, 115.0, 114.0, 113.0, 111.0, 111.0, 111.0, 113.0, 111.0, 108.0, 107.0, 107.0, 108.0, 108.0, 111.0, 111.0, 112.0, 112.0, 109.0, 107.0, 102.0, 104.0, 105.0, 106.0, 107.0, 110.0, 112.0, 113.0, 112.0, 111.0, 111.0, 112.0, 112.0, 112.0, 115.0, 115.0, 116.0, 113.0, 112.0, 109.0, 107.0, 107.0, 110.0, 112.0, 112.0, 112.0, 108.0, 108.0, 107.0, 101.0, 106.0, 109.0, 102.0, 102.0, 102.0, 88.0, 89.0, 89.0, 91.0, 96.0, 100.0, 97.0, 95.0, 94.0, 95.0, 95.0, 102.0, 106.0, 108.0, 109.0, 107.0, 105.0, 106.0, 106.0, 108.0, 109.0, 112.0, 112.0, 110.0, 106.0, 107.0, 106.0, 106.0, 108.0, 109.0, 110.0, 111.0, 108.0, 106.0, 106.0, 105.0, 105.0, 107.0, 109.0, 110.0, 112.0, 108.0, 106.0, 104.0, 104.0, 104.0, 106.0, 109.0, 110.0, 111.0, 110.0, 109.0, 110.0, 111.0, 112.0, 112.0, 114.0, 115.0, 111.0, 109.0, 106.0, 106.0, 108.0, 107.0, 106.0, 107.0, 109.0, 107.0, 103.0, 99.0, 99.0, 96.0, 100.0, 104.0, 109.0, 113.0, 113.0, 111.0, 109.0, 106.0, 105.0, 106.0, 106.0, 106.0, 108.0, 110.0, 111.0, 112.0, 113.0, 112.0, 111.0, 108.0, 109.0, 111.0, 113.0, 114.0, 116.0, 115.0, 110.0, 104.0, 104.0, 104.0, 108.0, 109.0, 110.0, 111.0, 110.0, 111.0, 108.0, 107.0, 108.0, 109.0, 109.0, 108.0, 108.0, 109.0, 111.0, 111.0, 105.0, 100.0, 101.0, 104.0, 105.0, 108.0, 109.0, 110.0, 111.0, 112.0, 113.0, 114.0, 115.0, 112.0, 109.0, 106.0, 104.0, 105.0, 107.0, 108.0, 108.0, 108.0, 107.0, 108.0, 108.0, 106.0, 97.0, 95.0, 97.0, 99.0, 99.0, 100.0, 97.0, 94.0, 91.0, 92.0, 92.0, 96.0, 94.0, 93.0, 90.0, 85.0, 86.0, 95.0, 99.0, 101.0, 91.0, 90.0, 85.0, 84.0, 92.0, 92.0, 95.0, 99.0, 101.0, 103.0, 105.0, 108.0, 109.0, 103.0, 103.0, 96.0, 94.0, 91.0, 89.0, 89.0, 90.0, 97.0, 101.0, 103.0, 97.0, 95.0, 98.0, 98.0, 100.0, 101.0, 104.0, 101.0, 100.0, 100.0, 95.0, 96.0, 99.0, 96.0, 93.0, 93.0, 93.0, 93.0, 96.0, 93.0, 92.0, 94.0, 93.0, 92.0, 94.0, 96.0, 98.0, 95.0, 95.0, 93.0, 92.0, 89.0, 92.0, 98.0, 103.0, 104.0, 106.0, 101.0, 101.0, 101.0, 88.0, 86.0, 93.0, 96.0, 99.0, 102.0, 100.0, 96.0, 93.0, 93.0, 93.0, 96.0, 96.0, 98.0, 101.0, 97.0, 94.0, 90.0, 90.0, 90.0, 90.0, 92.0, 95.0, 97.0, 96.0, 90.0, 89.0, 91.0, 97.0, 100.0, 97.0, 94.0, 92.0, 91.0, 94.0, 92.0, 99.0, 102.0, 102.0, 100.0, 100.0, 92.0, 87.0, 86.0, 88.0, 92.0, 96.0, 96.0, 103.0, 104.0, 101.0, 98.0, 101.0, 101.0, 101.0, 101.0, 99.0, 98.0, 102.0, 104.0, 106.0, 107.0, 104.0, 104.0, 98.0, 94.0, 94.0, 97.0, 102.0, 105.0, 104.0, 103.0, 95.0, 95.0, 89.0, 91.0, 95.0, 96.0, 96.0, 94.0, 92.0, 90.0, 91.0, 94.0, 96.0, 99.0, 98.0, 101.0, 99.0, 99.0, 97.0, 96.0, 98.0, 96.0, 97.0, 100.0, 101.0, 104.0, 106.0, 102.0, 95.0, 91.0, 91.0, 91.0, 94.0, 96.0, 95.0, 98.0, 101.0, 104.0, 104.0, 101.0, 99.0, 96.0, 94.0, 95.0, 97.0, 102.0, 105.0, 105.0, 103.0, 98.0, 96.0, 98.0, 99.0, 99.0, 97.0, 100.0, 103.0, 104.0, 100.0, 98.0, 96.0, 98.0, 96.0, 94.0, 93.0, 93.0, 98.0, 97.0, 98.0, 102.0, 103.0, 101.0, 101.0, 101.0, 97.0, 89.0, 89.0, 96.0, 92.0, 92.0, 94.0, 92.0, 94.0, 98.0, 100.0, 101.0, 103.0, 105.0, 104.0, 104.0, 103.0, 104.0, 106.0, 107.0, 109.0, 109.0, 108.0, 106.0, 106.0, 106.0, 100.0, 94.0, 95.0, 98.0, 100.0, 101.0, 102.0, 101.0, 101.0, 103.0, 105.0, 104.0, 104.0, 104.0, 103.0, 102.0, 104.0, 104.0, 103.0, 100.0, 98.0, 93.0, 99.0, 101.0, 101.0, 102.0, 97.0, 96.0, 96.0, 96.0, 99.0, 105.0, 107.0, 107.0, 102.0, 102.0, 95.0, 90.0, 86.0, 86.0, 85.0, 86.0, 94.0, 97.0, 99.0, 102.0, 100.0, 97.0, 95.0, 99.0, 99.0, 99.0, 99.0, 93.0, 92.0, 89.0, 89.0, 93.0, 94.0, 95.0, 95.0, 84.0, 85.0, 86.0, 88.0, 91.0, 92.0, 94.0, 94.0, 100.0, 101.0, 102.0, 102.0, 99.0, 97.0, 98.0, 102.0, 104.0, 105.0, 98.0, 98.0, 98.0, 98.0, 83.0, 82.0, 86.0, 86.0, 94.0, 97.0, 95.0, 90.0, 86.0, 88.0, 92.0, 94.0, 96.0, 95.0, 94.0, 94.0, 93.0, 87.0, 95.0, 98.0, 95.0, 90.0, 90.0, 90.0, 91.0, 92.0, 93.0, 95.0, 93.0, 87.0, 88.0, 94.0, 96.0, 96.0, 93.0, 95.0, 96.0, 97.0, 97.0, 97.0, 97.0, 94.0, 96.0, 98.0, 101.0, 100.0, 98.0, 94.0, 92.0, 90.0, 90.0, 91.0, 92.0, 101.0, 103.0, 103.0, 103.0, 100.0, 100.0, 93.0, 89.0, 91.0, 94.0, 95.0, 97.0, 99.0, 96.0, 98.0, 98.0, 99.0, 99.0, 100.0, 102.0, 104.0, 103.0, 103.0, 104.0, 102.0, 98.0, 99.0, 99.0, 98.0, 99.0, 99.0, 102.0, 102.0, 101.0, 98.0, 96.0, 95.0, 94.0, 94.0, 93.0, 93.0",6333,23,1
7/9/17,27,,,,8689,27,
8/9/17,57,25,Longbow,"91.0, 92.0, 91.0, 89.0, 89.0, 89.0, 89.0, 89.0, 90.0, 90.0, 90.0, 93.0, 93.0, 92.0, 88.0, 88.0, 87.0, 89.0, 92.0, 92.0, 94.0, 96.0, 95.0, 95.0, 95.0, 91.0, 86.0, 86.0, 88.0, 88.0, 94.0, 94.0, 91.0, 91.0, 89.0, 89.0, 90.0, 90.0, 95.0, 95.0, 93.0, 93.0, 98.0, 98.0, 98.0, 98.0, 98.0, 94.0, 94.0, 86.0, 86.0, 89.0, 89.0, 90.0, 90.0, 89.0, 89.0, 86.0, 86.0, 83.0, 83.0, 83.0, 86.0, 86.0, 93.0, 93.0, 90.0, 90.0, 86.0, 86.0, 85.0, 85.0, 84.0, 84.0, 87.0, 87.0, 89.0, 89.0, 89.0, 89.0, 83.0, 83.0, 84.0, 84.0, 88.0, 88.0, 90.0, 90.0, 89.0, 89.0, 89.0, 90.0, 89.0, 91.0, 90.0, 88.0, 87.0, 88.0, 87.0, 87.0, 87.0, 86.0, 87.0, 88.0, 89.0, 86.0, 87.0, 86.0, 86.0, 86.0, 86.0, 87.0, 87.0, 87.0, 94.0, 94.0, 92.0, 92.0, 95.0, 95.0, 101.0, 101.0, 98.0, 98.0, 93.0, 93.0, 96.0, 96.0, 96.0, 96.0, 93.0, 93.0, 89.0, 89.0, 90.0, 90.0, 90.0, 90.0, 90.0, 90.0, 89.0, 86.0, 85.0, 85.0, 91.0, 91.0, 93.0, 93.0, 92.0, 91.0, 91.0, 92.0, 94.0, 94.0, 94.0, 94.0, 94.0, 93.0, 91.0, 91.0, 90.0, 87.0, 87.0, 88.0, 91.0, 92.0, 90.0, 89.0, 85.0, 84.0, 82.0, 81.0, 84.0, 87.0, 88.0, 90.0, 89.0, 89.0, 90.0, 90.0, 89.0, 90.0, 92.0, 93.0, 93.0, 93.0, 93.0, 93.0, 93.0, 94.0, 94.0, 96.0, 97.0, 96.0, 93.0, 88.0, 87.0, 88.0, 88.0, 92.0, 93.0, 90.0, 87.0, 84.0, 77.0, 75.0, 75.0, 74.0, 79.0, 79.0, 87.0, 87.0, 92.0, 92.0, 85.0, 85.0, 84.0, 84.0, 87.0, 88.0, 88.0, 97.0, 97.0, 98.0, 98.0, 94.0, 94.0, 83.0, 83.0, 78.0, 78.0, 80.0, 80.0, 79.0, 79.0, 80.0, 80.0, 82.0, 82.0, 81.0, 81.0, 79.0, 79.0, 80.0, 80.0, 82.0, 82.0, 81.0, 81.0, 80.0, 80.0, 77.0, 76.0, 77.0, 77.0, 81.0, 80.0, 79.0, 77.0, 77.0, 78.0, 78.0, 78.0, 79.0, 80.0, 78.0, 76.0, 76.0, 79.0, 80.0, 83.0, 85.0, 86.0, 94.0, 94.0, 94.0, 89.0, 83.0, 83.0, 80.0, 80.0, 75.0, 75.0, 74.0, 74.0, 78.0, 78.0, 82.0, 82.0, 81.0, 81.0, 78.0, 78.0, 78.0, 78.0, 81.0, 81.0, 82.0, 82.0, 76.0, 76.0, 78.0, 78.0, 80.0, 80.0, 80.0, 80.0, 78.0, 78.0, 76.0, 76.0, 80.0, 80.0, 75.0, 75.0, 85.0, 85.0, 81.0, 81.0, 75.0, 75.0, 76.0, 76.0, 80.0, 80.0, 80.0, 80.0, 75.0, 75.0, 77.0, 77.0, 80.0, 80.0, 82.0, 81.0, 81.0, 80.0, 82.0, 84.0, 85.0, 85.0, 85.0, 84.0, 83.0, 83.0, 84.0, 84.0, 86.0, 86.0, 89.0, 89.0, 88.0, 86.0, 86.0, 87.0, 88.0, 91.0, 93.0, 91.0, 88.0, 85.0, 84.0, 84.0, 83.0, 87.0, 89.0, 89.0, 91.0, 89.0, 90.0, 92.0, 93.0, 97.0, 93.0, 91.0, 88.0, 86.0, 85.0, 86.0, 87.0, 87.0, 88.0, 88.0, 88.0, 87.0, 87.0, 84.0, 82.0, 82.0, 82.0, 82.0, 84.0, 84.0, 88.0, 89.0, 89.0, 87.0, 87.0, 83.0, 83.0, 85.0, 86.0, 88.0, 89.0, 91.0, 92.0, 90.0, 87.0, 87.0, 86.0, 85.0, 89.0, 89.0, 90.0, 90.0, 90.0, 90.0, 90.0, 90.0, 87.0, 88.0, 87.0, 86.0, 85.0, 85.0, 85.0, 89.0, 90.0, 90.0, 88.0, 87.0, 88.0, 88.0, 89.0, 89.0, 88.0, 88.0, 88.0, 89.0, 89.0, 89.0, 90.0, 91.0, 90.0, 90.0, 89.0, 90.0, 90.0, 91.0, 92.0, 88.0, 87.0, 88.0, 85.0, 86.0, 88.0, 89.0, 93.0, 93.0, 91.0, 91.0, 89.0, 89.0, 89.0, 89.0, 91.0, 91.0, 91.0, 91.0, 90.0, 90.0, 90.0, 90.0, 90.0, 91.0, 91.0, 94.0, 94.0, 94.0, 94.0, 95.0, 95.0, 90.0, 90.0, 90.0, 90.0, 90.0, 90.0, 93.0, 93.0, 86.0, 86.0, 85.0, 85.0, 93.0, 93.0, 96.0, 96.0, 89.0, 89.0, 84.0, 84.0, 85.0, 85.0, 90.0, 90.0, 90.0, 91.0, 91.0, 86.0, 86.0, 78.0, 78.0, 81.0, 81.0, 87.0, 87.0, 88.0, 86.0, 86.0, 82.0, 82.0, 84.0, 85.0, 85.0, 85.0, 85.0, 86.0, 86.0, 86.0, 87.0, 87.0, 87.0, 89.0, 85.0, 85.0, 85.0, 85.0, 85.0, 89.0, 89.0, 88.0, 88.0, 84.0, 84.0, 86.0, 86.0, 87.0, 87.0, 89.0, 89.0, 86.0, 86.0, 87.0, 87.0, 90.0, 90.0, 91.0, 91.0, 91.0, 89.0, 89.0, 88.0, 88.0, 88.0, 88.0, 88.0, 87.0, 87.0, 88.0, 88.0, 90.0, 90.0, 91.0, 91.0, 91.0, 89.0, 90.0, 90.0, 92.0, 92.0, 92.0, 93.0, 95.0, 95.0, 95.0, 95.0, 97.0, 99.0, 100.0, 100.0, 100.0, 99.0, 96.0, 95.0, 95.0, 95.0, 95.0, 97.0, 100.0, 102.0, 101.0, 102.0, 102.0, 102.0, 95.0, 94.0, 98.0, 100.0, 101.0, 102.0, 100.0, 100.0, 102.0, 100.0, 99.0, 99.0, 101.0, 102.0, 103.0, 103.0, 96.0, 92.0, 91.0, 90.0, 92.0, 92.0, 92.0, 91.0, 90.0, 89.0, 90.0, 96.0, 96.0, 97.0, 96.0, 95.0, 92.0, 94.0, 94.0, 93.0, 93.0, 87.0, 87.0, 87.0, 87.0, 90.0, 90.0, 90.0, 90.0, 88.0, 88.0, 86.0, 86.0, 87.0, 87.0, 88.0, 88.0, 89.0, 89.0, 91.0, 91.0, 93.0, 93.0, 93.0, 92.0, 92.0, 91.0, 92.0, 93.0, 91.0, 88.0, 84.0, 84.0, 85.0, 86.0, 89.0, 92.0, 92.0, 92.0, 90.0, 90.0, 87.0, 87.0, 88.0, 88.0, 89.0, 88.0, 88.0, 87.0, 88.0, 91.0, 89.0, 89.0, 88.0, 80.0, 80.0, 82.0, 87.0, 89.0, 91.0, 89.0, 84.0, 84.0, 85.0, 85.0, 90.0, 90.0, 95.0, 95.0, 92.0, 92.0, 84.0, 84.0, 86.0, 86.0, 87.0, 87.0, 90.0, 90.0, 89.0, 89.0, 89.0, 89.0, 91.0, 91.0, 91.0, 91.0, 91.0, 91.0, 92.0, 92.0, 91.0, 91.0, 90.0, 90.0, 89.0, 89.0, 90.0, 90.0, 91.0, 91.0, 93.0, 93.0, 94.0, 94.0, 93.0, 93.0, 91.0, 91.0, 94.0, 94.0, 102.0, 102.0, 99.0, 99.0, 95.0, 95.0, 95.0, 95.0, 95.0, 96.0, 96.0, 96.0, 94.0, 91.0, 93.0, 93.0, 93.0, 93.0, 94.0, 93.0, 94.0, 95.0, 96.0, 96.0, 94.0, 93.0, 91.0, 90.0, 91.0, 93.0, 96.0, 96.0, 96.0, 96.0, 95.0, 94.0, 92.0, 91.0, 91.0, 92.0, 93.0, 92.0, 91.0, 91.0, 90.0, 89.0, 89.0, 89.0, 89.0, 88.0, 88.0, 90.0, 90.0, 97.0, 97.0, 95.0, 95.0, 94.0, 94.0, 97.0, 97.0, 101.0, 101.0, 98.0, 98.0, 96.0, 96.0, 98.0, 98.0, 104.0, 104.0, 106.0, 106.0, 100.0, 100.0, 93.0, 92.0, 93.0, 95.0, 97.0, 99.0, 103.0, 108.0, 110.0, 111.0, 111.0, 111.0, 111.0, 110.0, 111.0, 113.0, 114.0, 116.0, 117.0, 116.0, 116.0, 116.0, 114.0, 112.0, 113.0, 113.0, 113.0, 115.0, 115.0, 115.0, 115.0, 115.0, 115.0, 114.0, 114.0, 113.0, 116.0, 117.0, 117.0, 117.0, 117.0, 117.0, 117.0, 115.0, 113.0, 114.0, 115.0, 115.0, 115.0, 115.0, 115.0, 114.0, 117.0, 118.0, 117.0, 116.0, 117.0, 119.0, 119.0, 117.0, 113.0, 111.0, 110.0, 111.0, 110.0, 110.0, 112.0, 112.0, 122.0, 122.0, 115.0, 115.0, 118.0, 118.0, 114.0, 114.0, 117.0, 117.0, 116.0, 116.0, 113.0, 113.0, 97.0, 97.0, 89.0, 89.0, 89.0, 96.0, 96.0, 104.0, 104.0, 106.0, 106.0, 109.0, 109.0, 106.0, 106.0, 101.0, 101.0, 93.0, 93.0, 96.0, 96.0, 97.0, 97.0, 92.0, 92.0",12060,82,1
9/9/17,,,,,0,0,
10/9/17,,,,,0,0,
11/9/17,,,,,0,0,
12/9/17,39,,,,9065,39,
13/9/17,36,,,,7376,36,
14/9/17,54,,,,12067,54,
15/9/17,32,,,,7071,32,
16/9/17,,,,,0,0,
17/9/17,,,,,0,0,
18/9/17,30,,,,6284,30,
19/9/17,47,,,,9683,47,
20/9/17,46,,,,9562,46,
21/9/17,34,,,,11884,34,
22/9/17,52,31,Holoball,"101.0, 101.0, 100.0, 99.0, 98.0, 99.0, 100.0, 100.0, 98.0, 98.0, 99.0, 100.0, 100.0, 100.0, 101.0, 103.0, 104.0, 105.0, 106.0, 107.0, 108.0, 109.0, 109.0, 110.0, 111.0, 110.0, 110.0, 111.0, 112.0, 112.0, 113.0, 114.0, 114.0, 114.0, 113.0, 112.0, 111.0, 111.0, 112.0, 112.0, 112.0, 112.0, 113.0, 113.0, 113.0, 114.0, 114.0, 113.0, 112.0, 112.0, 112.0, 112.0, 113.0, 114.0, 114.0, 114.0, 113.0, 113.0, 112.0, 112.0, 112.0, 112.0, 111.0, 111.0, 110.0, 110.0, 111.0, 110.0, 110.0, 110.0, 108.0, 108.0, 108.0, 109.0, 109.0, 110.0, 110.0, 111.0, 111.0, 111.0, 111.0, 110.0, 108.0, 107.0, 107.0, 106.0, 106.0, 106.0, 106.0, 105.0, 105.0, 104.0, 103.0, 103.0, 104.0, 104.0, 104.0, 105.0, 105.0, 105.0, 105.0, 105.0, 105.0, 105.0, 105.0, 105.0, 105.0, 106.0, 107.0, 108.0, 108.0, 108.0, 109.0, 110.0, 110.0, 111.0, 111.0, 111.0, 111.0, 110.0, 110.0, 110.0, 109.0, 110.0, 108.0, 108.0, 107.0, 107.0, 108.0, 109.0, 110.0, 109.0, 109.0, 109.0, 109.0, 109.0, 110.0, 110.0, 110.0, 111.0, 111.0, 111.0, 111.0, 111.0, 111.0, 111.0, 110.0, 109.0, 109.0, 109.0, 109.0, 109.0, 110.0, 111.0, 111.0, 111.0, 112.0, 112.0, 112.0, 111.0, 111.0, 111.0, 110.0, 110.0, 110.0, 110.0, 110.0, 110.0, 110.0, 110.0, 111.0, 111.0, 112.0, 112.0, 112.0, 112.0, 111.0, 110.0, 110.0, 110.0, 111.0, 112.0, 112.0, 112.0, 113.0, 113.0, 113.0, 113.0, 112.0, 111.0, 111.0, 112.0, 112.0, 112.0, 112.0, 112.0, 113.0, 114.0, 114.0, 115.0, 115.0, 114.0, 113.0, 113.0, 113.0, 114.0, 114.0, 114.0, 113.0, 112.0, 112.0, 110.0, 110.0, 110.0, 110.0, 110.0, 110.0, 109.0, 109.0, 107.0, 107.0, 107.0, 108.0, 108.0, 109.0, 110.0, 110.0, 110.0, 110.0, 110.0, 110.0, 109.0, 109.0, 109.0, 110.0, 110.0, 109.0, 107.0, 107.0, 107.0, 107.0, 107.0, 108.0, 109.0, 110.0, 110.0, 110.0, 110.0, 110.0, 110.0, 110.0, 110.0, 109.0, 108.0, 108.0, 108.0, 109.0, 109.0, 109.0, 108.0, 108.0, 108.0, 108.0, 108.0, 109.0, 109.0, 109.0, 108.0, 108.0, 107.0, 107.0, 107.0, 107.0, 108.0, 108.0, 108.0, 108.0, 107.0, 107.0, 108.0, 108.0, 108.0, 108.0, 107.0, 108.0, 107.0, 107.0, 107.0, 106.0, 105.0, 104.0, 102.0, 102.0, 101.0, 102.0, 102.0, 102.0, 103.0, 103.0, 103.0, 103.0, 103.0, 103.0, 104.0, 105.0, 108.0, 109.0, 110.0, 110.0, 109.0, 110.0, 110.0, 110.0, 110.0, 111.0, 111.0, 111.0, 111.0, 111.0, 111.0, 110.0, 110.0, 110.0, 110.0, 110.0, 110.0, 110.0, 111.0, 112.0, 111.0, 111.0, 111.0, 110.0, 110.0, 111.0, 111.0, 111.0, 111.0, 111.0, 112.0, 112.0, 113.0, 113.0, 114.0, 114.0, 114.0, 115.0, 115.0, 116.0, 116.0, 115.0, 114.0, 113.0, 113.0, 113.0, 113.0, 114.0, 114.0, 112.0, 112.0, 111.0, 110.0, 109.0, 108.0, 108.0, 109.0, 109.0, 109.0, 110.0, 111.0, 111.0, 111.0, 110.0, 111.0, 111.0, 111.0, 112.0, 112.0, 113.0, 113.0, 112.0, 112.0, 112.0, 113.0, 113.0, 112.0, 115.0, 116.0, 117.0, 118.0, 118.0, 118.0, 118.0, 118.0, 118.0, 117.0, 116.0, 116.0, 117.0, 117.0, 117.0, 117.0, 117.0, 117.0, 117.0, 118.0, 118.0, 118.0, 118.0, 116.0, 116.0, 116.0, 116.0, 116.0, 116.0, 116.0, 117.0, 117.0, 117.0, 118.0, 118.0, 119.0, 119.0, 120.0, 119.0, 119.0, 119.0, 119.0, 118.0, 116.0, 115.0, 114.0, 115.0, 115.0, 115.0, 115.0, 116.0, 116.0, 116.0, 116.0, 116.0, 117.0, 117.0, 118.0, 119.0, 119.0, 119.0, 118.0, 117.0, 116.0, 115.0, 115.0, 115.0, 115.0, 115.0, 115.0, 116.0, 116.0, 116.0, 117.0, 116.0, 116.0, 116.0, 116.0, 116.0, 117.0, 117.0, 117.0, 117.0, 117.0, 117.0, 118.0, 118.0, 119.0, 119.0, 119.0, 120.0, 121.0, 121.0, 121.0, 121.0, 122.0, 122.0, 122.0, 122.0, 122.0, 122.0, 122.0, 122.0, 121.0, 121.0, 121.0, 120.0, 121.0, 121.0, 120.0, 120.0, 119.0, 119.0, 119.0, 120.0, 121.0, 122.0, 123.0, 123.0, 124.0, 124.0, 124.0, 125.0, 125.0, 125.0, 125.0, 125.0, 125.0, 125.0, 124.0, 124.0, 125.0, 125.0, 126.0, 126.0, 126.0, 126.0, 126.0, 125.0, 123.0, 122.0, 122.0, 122.0, 122.0, 122.0, 123.0, 123.0, 123.0, 123.0, 123.0, 123.0, 123.0, 124.0, 124.0, 124.0, 124.0, 122.0, 122.0, 122.0, 122.0, 121.0, 121.0, 120.0, 119.0, 119.0, 119.0, 118.0, 118.0, 115.0, 113.0, 113.0, 113.0, 113.0, 112.0, 113.0, 113.0, 114.0, 114.0, 115.0, 115.0, 115.0, 115.0, 115.0, 116.0, 117.0, 117.0, 116.0, 115.0, 115.0, 114.0, 113.0, 113.0, 112.0, 111.0, 111.0, 111.0, 112.0, 113.0, 113.0, 112.0, 113.0, 113.0, 114.0, 114.0, 114.0, 114.0, 114.0, 112.0, 112.0, 112.0, 112.0, 112.0, 112.0, 112.0, 113.0, 113.0, 113.0, 113.0, 112.0, 112.0, 112.0, 112.0, 113.0, 114.0, 115.0, 115.0, 117.0, 117.0, 117.0, 116.0, 116.0, 115.0, 115.0, 115.0, 115.0, 116.0, 116.0, 116.0, 116.0, 115.0, 116.0, 116.0, 117.0, 118.0, 118.0, 118.0, 118.0, 118.0, 118.0, 117.0, 117.0, 116.0, 116.0, 116.0, 116.0, 117.0, 117.0, 117.0, 117.0, 116.0, 116.0, 116.0, 116.0, 116.0, 117.0, 118.0, 118.0, 117.0, 116.0, 116.0, 115.0, 115.0, 115.0, 115.0, 116.0, 116.0, 116.0, 115.0, 115.0, 116.0, 116.0, 117.0, 118.0, 119.0, 119.0, 118.0, 118.0, 116.0, 115.0, 115.0, 115.0, 115.0, 115.0, 116.0, 117.0, 117.0, 117.0, 116.0, 116.0, 115.0, 114.0, 114.0, 115.0, 115.0, 116.0, 116.0, 115.0, 114.0, 114.0, 113.0, 113.0, 113.0, 113.0, 112.0, 113.0, 112.0, 112.0, 111.0, 111.0, 112.0, 112.0, 112.0, 111.0, 111.0, 111.0, 112.0, 113.0, 114.0, 114.0, 113.0, 112.0, 112.0, 112.0, 113.0, 113.0, 113.0, 113.0, 114.0, 114.0, 114.0, 115.0, 115.0, 115.0, 114.0, 114.0, 114.0, 114.0, 114.0, 114.0, 114.0, 115.0, 116.0, 116.0, 117.0, 117.0, 117.0, 117.0, 117.0, 117.0, 116.0, 116.0, 116.0, 115.0, 116.0, 116.0, 116.0, 116.0, 116.0, 115.0, 115.0, 114.0, 114.0, 114.0, 115.0, 116.0, 116.0, 116.0, 114.0, 113.0, 113.0, 113.0, 113.0, 113.0, 114.0, 115.0, 116.0, 117.0, 117.0, 116.0, 116.0, 116.0, 116.0, 116.0, 117.0, 117.0, 117.0, 116.0, 115.0, 115.0, 115.0, 115.0, 115.0, 115.0, 115.0, 115.0, 115.0, 115.0, 117.0, 117.0, 118.0, 118.0, 118.0, 118.0, 118.0, 118.0, 117.0, 117.0, 117.0, 116.0, 115.0, 115.0, 116.0, 116.0, 117.0, 117.0, 116.0, 116.0, 116.0, 116.0, 116.0, 116.0, 116.0, 116.0, 116.0, 116.0, 116.0, 116.0, 117.0, 118.0, 118.0, 118.0, 118.0, 118.0, 118.0, 118.0, 118.0, 119.0, 119.0, 120.0, 120.0, 120.0, 121.0, 121.0, 121.0, 120.0, 119.0, 118.0, 118.0, 118.0, 118.0, 118.0, 118.0, 118.0, 118.0, 118.0, 118.0, 118.0, 118.0, 117.0, 116.0, 116.0, 116.0, 116.0, 116.0, 116.0, 117.0, 117.0, 117.0, 117.0, 117.0, 117.0, 118.0, 119.0, 119.0, 119.0, 118.0, 119.0, 118.0, 118.0, 116.0, 115.0, 113.0, 113.0, 113.0, 113.0, 113.0, 113.0, 114.0, 115.0, 115.0, 115.0, 116.0, 116.0, 116.0, 116.0, 116.0, 116.0, 116.0, 116.0, 115.0, 115.0, 115.0, 115.0, 115.0, 117.0, 118.0, 118.0, 118.0, 118.0, 118.0, 117.0, 117.0, 117.0, 117.0, 117.0, 118.0, 119.0, 119.0, 119.0, 119.0, 120.0, 119.0, 119.0, 119.0, 120.0, 119.0, 119.0, 119.0, 119.0, 118.0, 118.0, 118.0, 118.0, 118.0, 119.0, 119.0, 119.0, 118.0, 117.0, 116.0, 116.0, 117.0, 118.0, 119.0, 119.0, 119.0, 119.0, 119.0, 119.0, 118.0, 117.0, 117.0, 117.0, 116.0, 115.0, 114.0, 115.0, 115.0, 115.0, 115.0, 115.0, 114.0, 114.0, 113.0, 113.0, 114.0, 114.0, 114.0, 114.0, 114.0, 115.0, 115.0, 115.0, 115.0, 113.0, 112.0, 111.0, 111.0, 111.0, 112.0, 113.0, 113.0, 113.0, 114.0, 114.0, 115.0, 114.0, 114.0, 114.0, 114.0, 114.0, 114.0, 115.0, 115.0, 116.0, 116.0, 116.0, 116.0, 116.0, 116.0, 116.0, 116.0, 116.0, 117.0, 118.0, 117.0, 117.0, 117.0, 117.0, 117.0, 117.0, 117.0, 117.0, 116.0, 116.0, 117.0, 117.0, 117.0, 116.0, 116.0, 115.0, 115.0, 115.0, 116.0, 117.0, 118.0, 118.0, 118.0, 118.0, 118.0, 118.0, 118.0, 119.0, 119.0, 119.0, 118.0, 115.0, 115.0, 114.0, 113.0, 112.0, 110.0, 110.0, 109.0, 109.0, 110.0, 110.0, 111.0, 111.0, 111.0, 111.0, 111.0, 111.0, 111.0, 111.0, 111.0, 112.0, 112.0, 113.0, 113.0, 113.0, 113.0, 114.0, 114.0, 114.0, 114.0, 115.0, 116.0, 116.0, 116.0, 117.0, 117.0, 117.0, 117.0, 117.0, 117.0, 117.0, 117.0, 117.0, 117.0, 116.0, 116.0, 116.0, 116.0, 117.0, 117.0, 117.0, 117.0, 117.0, 117.0, 116.0, 114.0, 114.0, 113.0, 114.0, 114.0, 115.0, 116.0, 116.0, 117.0, 117.0, 117.0, 117.0, 117.0, 118.0, 118.0, 119.0, 119.0, 119.0, 120.0, 120.0, 120.0, 121.0, 121.0, 120.0, 119.0, 120.0, 120.0, 121.0, 122.0, 123.0, 123.0, 123.0, 123.0, 124.0, 124.0, 124.0, 124.0, 124.0, 124.0, 124.0, 125.0, 125.0, 125.0, 125.0, 125.0, 125.0, 125.0, 126.0, 125.0, 125.0, 125.0, 125.0, 125.0, 125.0, 125.0, 124.0, 123.0, 122.0, 122.0, 120.0, 120.0, 119.0, 119.0, 120.0, 121.0, 122.0, 123.0, 123.0, 123.0, 123.0, 123.0, 124.0, 125.0, 125.0, 125.0, 125.0, 124.0, 124.0, 124.0, 123.0, 123.0, 123.0, 123.0, 123.0, 123.0, 122.0, 121.0, 121.0, 121.0, 122.0, 122.0, 121.0, 121.0, 121.0, 121.0, 121.0, 120.0, 121.0, 121.0, 121.0, 119.0, 117.0, 116.0, 115.0, 115.0, 115.0, 115.0, 116.0, 117.0, 118.0, 119.0, 119.0, 118.0, 118.0, 118.0, 118.0, 119.0, 119.0, 119.0, 119.0, 120.0, 120.0, 120.0, 120.0, 119.0, 119.0, 118.0, 119.0, 119.0, 118.0, 118.0, 118.0, 118.0, 118.0, 118.0, 118.0, 118.0, 117.0, 116.0, 115.0, 115.0, 115.0, 115.0, 116.0, 117.0, 117.0, 117.0, 117.0, 118.0, 119.0, 119.0, 119.0, 120.0, 120.0, 121.0, 121.0, 121.0, 121.0, 120.0, 120.0, 120.0, 120.0, 120.0, 121.0, 121.0, 121.0, 121.0, 122.0, 122.0, 122.0, 122.0, 122.0, 122.0, 123.0, 123.0, 123.0, 123.0, 124.0, 124.0, 125.0, 125.0, 124.0, 124.0, 124.0, 123.0, 123.0, 124.0, 124.0, 124.0, 124.0, 125.0, 125.0, 125.0, 125.0, 125.0, 125.0, 125.0, 125.0, 125.0, 124.0, 124.0, 123.0, 123.0, 122.0, 122.0, 120.0, 120.0, 120.0, 120.0, 120.0, 120.0, 119.0, 119.0, 119.0, 117.0, 117.0, 118.0, 118.0, 118.0, 118.0, 118.0, 118.0, 119.0, 119.0, 119.0, 119.0, 118.0, 118.0, 119.0, 119.0, 120.0, 120.0, 121.0, 122.0, 122.0, 122.0, 122.0, 122.0, 121.0, 121.0, 121.0, 120.0, 120.0, 120.0, 120.0, 119.0, 119.0, 117.0, 116.0, 115.0, 115.0, 116.0, 116.0, 117.0, 117.0, 116.0, 115.0, 114.0, 113.0, 114.0, 114.0, 114.0, 115.0, 116.0, 117.0, 118.0, 119.0, 119.0, 120.0, 120.0, 121.0, 121.0, 121.0, 122.0, 121.0, 121.0, 121.0, 121.0, 121.0, 120.0, 120.0, 119.0, 119.0, 119.0, 119.0, 119.0, 119.0, 119.0, 119.0, 118.0, 117.0, 116.0, 116.0, 116.0, 116.0, 116.0, 117.0, 117.0, 117.0, 116.0, 116.0, 116.0, 117.0, 117.0, 117.0, 117.0, 117.0, 116.0, 115.0, 115.0, 115.0, 115.0, 117.0, 117.0, 117.0, 117.0, 117.0, 118.0, 118.0, 118.0, 118.0, 118.0, 118.0, 118.0, 118.0, 118.0, 118.0, 118.0, 119.0, 119.0, 119.0, 120.0, 120.0, 120.0, 121.0, 121.0, 121.0, 121.0, 122.0, 122.0, 122.0, 121.0, 121.0, 121.0, 122.0, 122.0, 121.0, 120.0, 120.0, 120.0, 120.0, 121.0, 121.0, 122.0, 122.0, 122.0, 122.0, 122.0, 122.0, 122.0, 122.0, 123.0, 123.0, 123.0, 123.0, 122.0, 121.0, 121.0, 120.0, 120.0, 120.0, 121.0, 121.0, 122.0, 122.0, 123.0, 123.0, 124.0, 124.0, 124.0, 124.0, 124.0, 124.0, 124.0, 124.0, 124.0, 125.0, 125.0, 125.0, 124.0, 124.0, 125.0, 124.0, 124.0, 123.0, 123.0, 123.0, 124.0, 124.0, 124.0, 124.0, 124.0, 124.0, 123.0, 123.0, 123.0, 122.0, 123.0, 123.0, 123.0, 124.0, 123.0, 124.0, 123.0, 123.0, 124.0, 124.0, 125.0, 125.0, 125.0, 125.0, 126.0, 127.0, 127.0, 126.0, 125.0, 125.0, 125.0, 125.0, 125.0, 125.0, 125.0, 125.0, 124.0, 124.0, 124.0, 124.0, 124.0, 124.0, 123.0, 122.0, 121.0, 120.0, 120.0, 120.0, 120.0, 121.0, 121.0, 122.0, 122.0, 122.0, 123.0, 123.0, 122.0, 122.0, 122.0, 123.0, 123.0, 123.0, 123.0, 123.0, 123.0, 123.0, 123.0, 122.0, 122.0, 122.0, 120.0, 118.0, 118.0, 118.0, 118.0, 118.0, 119.0, 119.0, 119.0, 119.0, 119.0, 118.0, 118.0, 119.0, 119.0, 120.0, 120.0, 120.0, 120.0, 120.0, 120.0, 120.0, 121.0, 122.0, 122.0, 122.0, 121.0, 121.0, 121.0, 121.0, 121.0, 121.0, 121.0, 121.0, 121.0, 121.0, 121.0, 122.0, 122.0, 123.0, 123.0, 123.0, 123.0, 123.0, 123.0, 124.0, 124.0, 124.0, 124.0, 124.0, 124.0, 124.0, 124.0, 124.0, 123.0, 123.0, 123.0, 123.0, 123.0, 123.0, 124.0, 124.0, 124.0, 125.0, 125.0, 125.0, 126.0, 127.0, 127.0, 127.0, 128.0, 128.0, 128.0, 129.0, 129.0, 129.0, 129.0, 129.0, 128.0, 125.0, 125.0, 125.0, 125.0, 124.0, 124.0, 124.0, 124.0, 124.0, 124.0, 124.0, 123.0, 124.0, 123.0, 123.0, 122.0, 121.0, 121.0, 120.0, 120.0, 120.0, 121.0, 122.0, 122.0, 122.0, 122.0, 122.0, 122.0, 122.0, 122.0, 122.0, 122.0, 121.0, 122.0, 122.0, 122.0, 122.0, 122.0, 122.0, 122.0, 122.0, 122.0, 122.0, 122.0, 122.0, 122.0, 122.0, 122.0, 122.0, 122.0, 122.0, 122.0, 123.0, 122.0, 122.0, 121.0, 121.0, 121.0, 121.0, 121.0, 121.0, 121.0, 121.0, 121.0, 121.0, 121.0, 122.0, 122.0, 120.0, 119.0, 119.0, 119.0, 119.0, 119.0, 120.0, 121.0, 121.0, 121.0, 122.0, 122.0, 123.0, 123.0, 123.0, 123.0, 123.0, 124.0, 124.0, 124.0, 123.0, 124.0, 124.0, 125.0, 125.0, 125.0, 125.0, 125.0, 126.0, 126.0, 125.0, 125.0, 124.0, 124.0, 124.0, 124.0, 123.0, 124.0, 124.0, 124.0, 123.0, 123.0, 123.0, 124.0, 124.0, 124.0, 123.0, 123.0, 123.0, 123.0, 123.0, 124.0, 125.0, 125.0, 125.0, 126.0, 126.0, 126.0, 126.0, 126.0, 126.0, 127.0, 128.0, 128.0, 128.0, 128.0, 128.0, 128.0, 127.0, 127.0, 126.0, 126.0, 126.0, 125.0, 125.0, 124.0, 124.0, 125.0, 125.0, 125.0, 126.0, 126.0, 126.0, 125.0, 125.0, 125.0, 125.0, 125.0, 125.0, 124.0, 123.0, 123.0, 122.0, 122.0, 122.0, 122.0, 122.0, 122.0, 123.0, 123.0, 123.0, 123.0, 122.0, 122.0, 122.0, 121.0, 121.0, 121.0, 121.0, 121.0, 121.0, 121.0, 122.0, 121.0, 120.0, 120.0, 120.0, 120.0, 121.0, 121.0, 122.0, 122.0, 122.0, 123.0, 124.0, 125.0, 125.0, 124.0, 124.0, 124.0, 123.0, 123.0, 123.0, 124.0, 124.0, 124.0, 124.0, 123.0, 123.0, 123.0, 123.0, 122.0, 122.0, 121.0, 121.0, 121.0, 120.0, 120.0, 120.0, 119.0, 119.0, 120.0, 120.0, 121.0, 118.0, 117.0, 117.0, 116.0, 115.0, 114.0, 114.0, 115.0, 116.0, 116.0, 115.0, 115.0",17673,83,1
23/9/17,,,,,,0,
24/9/17,,,,,,0,
25/9/17,,,,,,0,
26/9/17,,,,,,0,
27/9/17,,,,,,0,
28/9/17,,,,,,0,
29/9/17,,,,,,0,
30/9/17,,,,,,0,
1/10/17,,,,,,0,
2/10/17,,,,,,0,
3/10/17,22,,,,4874,22,
4/10/17,,,,,0,0,
5/10/17,34,13,Longbow,"91.0, 92.0, 94.0, 94.0, 94.0, 93.0, 92.0, 92.0, 92.0, 92.0, 91.0, 90.0, 89.0, 87.0, 86.0, 85.0, 85.0, 86.0, 85.0, 84.0, 84.0, 83.0, 82.0, 82.0, 81.0, 81.0, 80.0, 79.0, 79.0, 79.0, 80.0, 80.0, 80.0, 80.0, 80.0, 80.0, 80.0, 80.0, 81.0, 81.0, 82.0, 84.0, 85.0, 86.0, 86.0, 86.0, 87.0, 89.0, 90.0, 91.0, 91.0, 92.0, 93.0, 92.0, 92.0, 92.0, 90.0, 88.0, 88.0, 88.0, 88.0, 89.0, 89.0, 89.0, 87.0, 87.0, 88.0, 88.0, 89.0, 90.0, 90.0, 90.0, 90.0, 90.0, 90.0, 90.0, 91.0, 93.0, 93.0, 93.0, 93.0, 92.0, 90.0, 90.0, 89.0, 89.0, 90.0, 90.0, 91.0, 92.0, 91.0, 91.0, 90.0, 88.0, 87.0, 85.0, 85.0, 85.0, 85.0, 86.0, 88.0, 87.0, 87.0, 87.0, 87.0, 87.0, 88.0, 89.0, 89.0, 89.0, 89.0, 90.0, 90.0, 90.0, 92.0, 92.0, 91.0, 90.0, 89.0, 88.0, 88.0, 89.0, 90.0, 89.0, 89.0, 88.0, 88.0, 88.0, 88.0, 88.0, 88.0, 88.0, 89.0, 89.0, 90.0, 91.0, 91.0, 91.0, 91.0, 91.0, 90.0, 90.0, 90.0, 92.0, 93.0, 93.0, 92.0, 91.0, 91.0, 89.0, 89.0, 89.0, 89.0, 90.0, 90.0, 90.0, 89.0, 87.0, 87.0, 87.0, 88.0, 89.0, 90.0, 90.0, 90.0, 92.0, 93.0, 92.0, 92.0, 92.0, 92.0, 93.0, 93.0, 92.0, 92.0, 92.0, 93.0, 93.0, 93.0, 95.0, 95.0, 96.0, 97.0, 98.0, 99.0, 99.0, 99.0, 99.0, 98.0, 98.0, 98.0, 98.0, 97.0, 97.0, 95.0, 94.0, 92.0, 91.0, 91.0, 91.0, 91.0, 89.0, 87.0, 85.0, 85.0, 86.0, 88.0, 88.0, 89.0, 91.0, 91.0, 91.0, 91.0, 91.0, 92.0, 93.0, 94.0, 94.0, 94.0, 94.0, 94.0, 95.0, 96.0, 96.0, 96.0, 96.0, 96.0, 96.0, 95.0, 95.0, 94.0, 94.0, 92.0, 91.0, 91.0, 91.0, 92.0, 91.0, 88.0, 88.0, 88.0, 88.0, 86.0, 85.0, 84.0, 82.0, 82.0, 82.0, 83.0, 82.0, 82.0, 80.0, 79.0, 79.0, 80.0, 80.0, 80.0, 81.0, 81.0, 81.0, 82.0, 83.0, 86.0, 87.0, 88.0, 89.0, 90.0, 91.0, 91.0, 93.0, 94.0, 94.0, 94.0, 94.0, 95.0, 96.0, 96.0, 96.0, 95.0, 94.0, 93.0, 93.0, 93.0, 93.0, 93.0, 91.0, 90.0, 89.0, 89.0, 90.0, 91.0, 91.0, 90.0, 91.0, 91.0, 91.0, 92.0, 92.0, 93.0, 93.0, 93.0, 94.0, 95.0, 95.0, 95.0, 95.0, 95.0, 95.0, 94.0, 95.0, 95.0, 95.0, 96.0, 95.0, 95.0, 94.0, 94.0, 94.0, 93.0, 94.0, 95.0, 95.0, 96.0, 96.0, 96.0, 96.0, 96.0, 95.0, 95.0, 96.0, 97.0, 98.0, 97.0, 96.0, 94.0, 94.0, 95.0, 95.0, 95.0, 93.0, 93.0, 93.0, 92.0, 92.0, 93.0, 93.0, 93.0, 93.0, 93.0, 95.0, 96.0, 96.0, 97.0, 96.0, 96.0, 95.0, 95.0, 95.0, 96.0, 97.0, 98.0, 99.0, 99.0, 100.0, 100.0, 101.0, 100.0, 98.0, 98.0, 99.0, 100.0, 100.0, 99.0, 98.0, 98.0, 98.0, 99.0, 99.0, 99.0, 100.0, 101.0, 101.0, 101.0, 101.0, 101.0, 101.0, 101.0, 102.0, 103.0, 104.0, 104.0, 103.0, 103.0, 100.0, 99.0, 99.0, 99.0, 99.0, 99.0, 100.0, 101.0, 101.0, 99.0, 99.0, 99.0, 99.0, 100.0, 101.0, 101.0, 101.0, 100.0, 100.0, 101.0, 102.0, 102.0, 102.0, 102.0, 101.0, 101.0, 101.0, 100.0, 100.0, 99.0, 99.0, 99.0, 99.0, 99.0, 97.0, 96.0, 96.0, 96.0, 96.0, 95.0, 95.0, 93.0, 92.0, 93.0, 94.0, 95.0, 95.0, 95.0, 96.0, 97.0, 98.0, 99.0, 100.0, 101.0, 101.0, 102.0, 103.0, 103.0, 103.0, 103.0, 102.0, 101.0, 100.0, 99.0, 99.0, 99.0, 100.0, 100.0, 100.0, 99.0, 99.0, 100.0, 100.0, 101.0, 101.0, 101.0, 101.0, 101.0, 101.0, 101.0, 102.0, 102.0, 103.0, 104.0, 105.0, 105.0, 105.0, 105.0, 105.0, 105.0, 106.0, 107.0, 107.0, 106.0, 106.0, 106.0, 106.0, 107.0, 107.0, 107.0, 108.0, 107.0, 107.0, 105.0, 105.0, 103.0, 103.0, 102.0, 102.0, 102.0, 100.0, 96.0, 94.0, 93.0, 93.0, 92.0, 91.0, 92.0, 90.0, 89.0, 88.0, 86.0, 86.0, 86.0, 88.0, 89.0, 90.0, 91.0, 91.0, 92.0, 93.0, 95.0, 97.0, 98.0, 100.0, 101.0, 102.0, 103.0, 103.0, 104.0, 104.0, 104.0, 104.0, 105.0, 105.0, 105.0, 105.0, 105.0, 105.0, 105.0, 106.0, 105.0, 105.0, 104.0, 104.0, 103.0, 104.0, 105.0, 105.0, 103.0, 103.0, 101.0, 100.0, 99.0, 99.0, 102.0, 102.0, 103.0, 104.0, 105.0, 105.0, 105.0, 105.0, 105.0, 106.0, 106.0, 108.0, 108.0, 108.0, 108.0, 108.0, 108.0, 108.0, 106.0, 105.0, 103.0, 102.0, 101.0, 102.0, 102.0, 102.0, 103.0, 104.0, 105.0, 106.0, 106.0, 107.0, 107.0, 107.0, 107.0, 107.0, 107.0, 107.0, 107.0, 108.0, 108.0, 107.0, 107.0, 107.0, 107.0, 107.0, 107.0, 106.0, 106.0, 106.0, 105.0, 104.0, 104.0, 104.0, 104.0, 105.0, 104.0, 104.0, 104.0, 103.0, 103.0, 103.0, 103.0, 103.0, 103.0, 103.0, 104.0, 105.0, 107.0, 107.0, 107.0, 107.0, 106.0, 106.0, 105.0, 104.0, 103.0, 104.0, 104.0, 103.0, 101.0, 100.0, 98.0, 98.0, 99.0, 99.0, 99.0, 98.0, 97.0, 98.0, 101.0, 103.0, 102.0, 102.0, 103.0, 103.0, 103.0, 103.0, 104.0, 104.0, 103.0, 102.0, 100.0, 100.0, 101.0, 102.0, 103.0, 104.0, 104.0, 104.0, 104.0, 103.0, 102.0, 102.0, 102.0, 102.0, 102.0, 102.0, 102.0, 102.0, 101.0, 101.0, 101.0, 102.0, 104.0, 105.0, 105.0, 106.0, 107.0, 108.0, 108.0, 108.0, 108.0, 108.0, 109.0, 109.0, 110.0, 110.0, 110.0, 110.0, 111.0, 111.0, 111.0, 112.0, 112.0, 112.0, 111.0, 111.0, 111.0, 112.0, 111.0, 111.0, 110.0, 109.0, 109.0, 109.0, 109.0, 109.0, 109.0, 108.0, 108.0, 108.0, 108.0, 109.0, 109.0, 110.0, 110.0, 111.0, 111.0, 111.0, 111.0, 111.0, 111.0, 111.0, 111.0, 111.0, 111.0, 110.0, 109.0, 108.0, 104.0, 103.0, 103.0, 103.0, 103.0, 102.0, 101.0, 101.0, 100.0, 100.0, 100.0, 99.0, 98.0, 96.0, 96.0",9332,47,1
6/10/17,29,,,,6676,29,
7/10/17,,,,,0,0,
8/10/17,,,,,0,0,
9/10/17,54,24,Longbow,"92.0, 94.0, 95.0, 96.0, 97.0, 97.0, 96.0, 96.0, 96.0, 96.0, 97.0, 98.0, 99.0, 99.0, 98.0, 96.0, 96.0, 96.0, 94.0, 94.0, 94.0, 94.0, 92.0, 90.0, 88.0, 88.0, 89.0, 91.0, 92.0, 93.0, 94.0, 94.0, 94.0, 94.0, 94.0, 94.0, 96.0, 96.0, 96.0, 97.0, 98.0, 96.0, 97.0, 97.0, 97.0, 96.0, 96.0, 95.0, 94.0, 94.0, 94.0, 94.0, 93.0, 92.0, 92.0, 91.0, 91.0, 92.0, 92.0, 92.0, 92.0, 92.0, 92.0, 92.0, 93.0, 94.0, 94.0, 94.0, 94.0, 94.0, 95.0, 95.0, 96.0, 96.0, 97.0, 97.0, 97.0, 98.0, 98.0, 97.0, 97.0, 95.0, 96.0, 96.0, 97.0, 97.0, 98.0, 98.0, 98.0, 97.0, 98.0, 97.0, 97.0, 97.0, 96.0, 96.0, 97.0, 97.0, 96.0, 96.0, 95.0, 95.0, 96.0, 97.0, 97.0, 97.0, 97.0, 98.0, 98.0, 99.0, 98.0, 98.0, 99.0, 99.0, 100.0, 99.0, 99.0, 99.0, 99.0, 98.0, 96.0, 95.0, 92.0, 91.0, 90.0, 90.0, 90.0, 90.0, 90.0, 90.0, 90.0, 89.0, 90.0, 90.0, 91.0, 92.0, 92.0, 92.0, 92.0, 92.0, 93.0, 95.0, 95.0, 96.0, 98.0, 100.0, 100.0, 99.0, 98.0, 97.0, 96.0, 95.0, 96.0, 96.0, 97.0, 99.0, 99.0, 100.0, 98.0, 98.0, 97.0, 97.0, 98.0, 98.0, 99.0, 99.0, 100.0, 100.0, 99.0, 99.0, 100.0, 100.0, 100.0, 101.0, 101.0, 101.0, 102.0, 101.0, 99.0, 99.0, 98.0, 98.0, 98.0, 98.0, 97.0, 98.0, 98.0, 100.0, 100.0, 98.0, 96.0, 94.0, 94.0, 93.0, 93.0, 94.0, 95.0, 94.0, 95.0, 95.0, 95.0, 96.0, 96.0, 96.0, 96.0, 96.0, 96.0, 96.0, 97.0, 98.0, 98.0, 99.0, 98.0, 98.0, 97.0, 96.0, 94.0, 94.0, 95.0, 96.0, 97.0, 97.0, 97.0, 95.0, 94.0, 94.0, 94.0, 94.0, 94.0, 95.0, 95.0, 96.0, 96.0, 96.0, 97.0, 96.0, 97.0, 97.0, 98.0, 98.0, 98.0, 98.0, 97.0, 97.0, 94.0, 93.0, 93.0, 93.0, 94.0, 94.0, 94.0, 93.0, 94.0, 94.0, 94.0, 95.0, 94.0, 94.0, 94.0, 95.0, 95.0, 95.0, 96.0, 96.0, 97.0, 98.0, 99.0, 100.0, 100.0, 99.0, 98.0, 98.0, 99.0, 99.0, 99.0, 99.0, 99.0, 98.0, 97.0, 95.0, 94.0, 92.0, 91.0, 89.0, 90.0, 90.0, 90.0, 89.0, 87.0, 87.0, 86.0, 86.0, 85.0, 84.0, 84.0, 84.0, 84.0, 84.0, 83.0, 84.0, 86.0, 87.0, 87.0, 86.0, 88.0, 87.0, 87.0, 87.0, 87.0, 88.0, 88.0, 90.0, 89.0, 89.0, 89.0, 90.0, 90.0, 90.0, 91.0, 91.0, 93.0, 93.0, 93.0, 94.0, 95.0, 95.0, 95.0, 94.0, 94.0, 93.0, 93.0, 93.0, 93.0, 92.0, 92.0, 92.0, 93.0, 93.0, 94.0, 95.0, 94.0, 93.0, 93.0, 91.0, 91.0, 90.0, 90.0, 90.0, 87.0, 86.0, 86.0, 87.0, 87.0, 89.0, 87.0, 87.0, 87.0, 87.0, 87.0, 86.0, 87.0, 87.0, 88.0, 88.0, 88.0, 89.0, 91.0, 91.0, 91.0, 91.0, 91.0, 89.0, 89.0, 89.0, 88.0, 89.0, 89.0, 91.0, 91.0, 91.0, 90.0, 91.0, 92.0, 93.0, 94.0, 95.0, 95.0, 95.0, 97.0, 97.0, 96.0, 96.0, 96.0, 95.0, 95.0, 93.0, 91.0, 90.0, 90.0, 90.0, 90.0, 88.0, 88.0, 88.0, 88.0, 86.0, 88.0, 88.0, 90.0, 91.0, 91.0, 89.0, 90.0, 91.0, 93.0, 94.0, 94.0, 94.0, 93.0, 93.0, 93.0, 94.0, 93.0, 93.0, 92.0, 91.0, 94.0, 93.0, 93.0, 92.0, 89.0, 87.0, 86.0, 83.0, 83.0, 83.0, 82.0, 82.0, 83.0, 84.0, 84.0, 85.0, 85.0, 86.0, 86.0, 86.0, 87.0, 88.0, 88.0, 89.0, 88.0, 87.0, 87.0, 86.0, 85.0, 84.0, 86.0, 87.0, 87.0, 87.0, 86.0, 85.0, 85.0, 85.0, 85.0, 85.0, 84.0, 84.0, 85.0, 85.0, 86.0, 86.0, 88.0, 88.0, 88.0, 89.0, 89.0, 90.0, 91.0, 92.0, 93.0, 92.0, 92.0, 94.0, 95.0, 96.0, 95.0, 95.0, 95.0, 95.0, 93.0, 91.0, 90.0, 89.0, 88.0, 88.0, 90.0, 90.0, 90.0, 90.0, 90.0, 90.0, 89.0, 91.0, 91.0, 91.0, 91.0, 91.0, 90.0, 89.0, 88.0, 88.0, 87.0, 87.0, 86.0, 85.0, 85.0, 83.0, 83.0, 83.0, 84.0, 84.0, 86.0, 87.0, 86.0, 86.0, 86.0, 87.0, 89.0, 90.0, 92.0, 93.0, 93.0, 93.0, 92.0, 92.0, 92.0, 92.0, 92.0, 92.0, 92.0, 91.0, 90.0, 90.0, 90.0, 91.0, 91.0, 92.0, 91.0, 89.0, 89.0, 90.0, 90.0, 92.0, 92.0, 95.0, 95.0, 94.0, 94.0, 92.0, 92.0, 91.0, 91.0, 91.0, 91.0, 91.0, 91.0, 91.0, 91.0, 91.0, 92.0, 92.0, 91.0, 89.0, 89.0, 89.0, 89.0, 89.0, 88.0, 87.0, 86.0, 86.0, 86.0, 87.0, 87.0, 88.0, 88.0, 90.0, 96.0, 96.0, 96.0, 96.0, 94.0, 93.0, 92.0, 92.0, 91.0, 91.0, 92.0, 94.0, 94.0, 94.0, 91.0, 90.0, 88.0, 88.0, 88.0, 89.0, 91.0, 92.0, 93.0, 94.0, 95.0, 96.0, 97.0, 97.0, 97.0, 98.0, 98.0, 98.0, 95.0, 94.0, 93.0, 93.0, 93.0, 92.0, 91.0, 91.0, 90.0, 91.0, 93.0, 95.0, 96.0, 96.0, 95.0, 95.0, 95.0, 93.0, 92.0, 91.0, 91.0, 91.0, 92.0, 94.0, 94.0, 94.0, 94.0, 94.0, 91.0, 89.0, 88.0, 87.0, 87.0, 87.0, 87.0, 88.0, 89.0, 89.0, 92.0, 93.0, 93.0, 93.0, 92.0, 92.0, 93.0, 94.0, 95.0, 95.0, 96.0, 95.0, 95.0, 95.0, 95.0, 96.0, 98.0, 99.0, 100.0, 101.0, 100.0, 100.0, 99.0, 96.0, 94.0, 92.0, 92.0, 93.0, 94.0, 95.0, 94.0, 94.0, 93.0, 94.0, 95.0, 95.0, 95.0, 96.0, 97.0, 97.0, 98.0, 98.0, 99.0, 99.0, 98.0, 99.0, 100.0, 100.0, 99.0, 99.0, 99.0, 96.0, 95.0, 95.0, 95.0, 96.0, 97.0, 97.0, 99.0, 99.0, 99.0, 99.0, 100.0, 100.0, 99.0, 100.0, 100.0, 100.0, 101.0, 102.0, 101.0, 100.0, 100.0, 100.0, 99.0, 99.0, 99.0, 100.0, 101.0, 100.0, 98.0, 96.0, 96.0, 94.0, 95.0, 95.0, 95.0, 95.0, 93.0, 93.0, 91.0, 91.0, 90.0, 92.0, 92.0, 92.0, 93.0, 93.0, 92.0, 93.0, 94.0, 96.0, 98.0, 98.0, 96.0, 96.0, 96.0, 95.0, 96.0, 98.0, 99.0, 99.0, 99.0, 98.0, 98.0, 98.0, 98.0, 98.0, 98.0, 97.0, 96.0, 96.0, 95.0, 94.0, 93.0, 92.0, 95.0, 97.0, 99.0, 99.0, 100.0, 99.0, 100.0, 101.0, 101.0, 101.0, 100.0, 100.0, 100.0, 102.0, 102.0, 102.0, 101.0, 100.0, 98.0, 97.0, 95.0, 94.0, 94.0, 94.0, 93.0, 93.0, 93.0, 93.0, 94.0, 96.0, 97.0, 98.0, 99.0, 99.0, 99.0, 98.0, 96.0, 96.0, 97.0, 97.0, 97.0, 98.0, 100.0, 101.0, 102.0, 102.0, 101.0, 101.0, 100.0, 101.0, 101.0, 101.0, 101.0, 101.0, 100.0, 100.0, 100.0, 99.0, 97.0, 98.0, 98.0, 100.0, 100.0, 100.0, 100.0, 100.0, 99.0, 96.0, 96.0, 96.0, 98.0, 98.0, 99.0, 99.0, 100.0, 100.0, 100.0, 101.0, 101.0, 102.0, 101.0, 100.0, 100.0, 100.0, 100.0, 101.0, 101.0, 101.0, 102.0, 101.0, 101.0, 101.0, 100.0, 99.0, 99.0, 100.0, 101.0, 102.0, 103.0, 104.0, 104.0, 103.0, 103.0, 103.0, 101.0, 101.0, 100.0, 101.0, 102.0, 101.0, 100.0, 101.0, 101.0, 96.0, 95.0, 95.0, 96.0, 98.0, 99.0, 100.0, 100.0, 100.0, 100.0, 99.0, 97.0, 97.0, 97.0, 99.0, 100.0, 100.0, 101.0, 100.0, 100.0, 97.0, 96.0, 96.0, 95.0, 95.0, 95.0, 96.0, 96.0, 96.0, 95.0, 95.0, 96.0, 96.0, 97.0, 97.0, 98.0, 98.0, 100.0, 101.0, 102.0, 102.0, 102.0, 102.0, 102.0, 102.0, 103.0, 103.0, 103.0, 104.0, 105.0, 104.0, 104.0, 103.0, 103.0, 100.0, 99.0, 98.0, 98.0, 100.0, 101.0, 102.0, 102.0, 103.0, 104.0, 104.0, 105.0, 105.0, 105.0, 103.0, 103.0, 103.0, 104.0, 105.0, 105.0, 106.0, 106.0, 107.0, 107.0, 107.0, 108.0, 109.0, 110.0, 111.0, 111.0, 112.0, 111.0, 111.0, 109.0, 108.0, 108.0, 108.0, 107.0, 107.0, 107.0, 106.0, 105.0, 105.0, 104.0, 103.0, 100.0, 98.0, 98.0, 97.0, 98.0, 99.0, 98.0, 98.0, 98.0, 98.0, 94.0, 94.0, 94.0, 95.0, 98.0, 98.0, 99.0, 99.0, 98.0, 97.0, 97.0, 98.0, 99.0, 100.0, 101.0, 100.0, 100.0, 101.0, 102.0, 104.0, 106.0, 106.0, 105.0, 106.0, 105.0, 104.0, 103.0, 103.0, 103.0, 102.0, 102.0, 101.0, 101.0, 102.0, 102.0, 102.0, 102.0, 100.0, 100.0, 99.0, 98.0, 98.0, 98.0, 98.0, 98.0, 99.0, 100.0, 101.0, 102.0, 102.0, 101.0, 101.0, 101.0, 101.0, 101.0, 101.0, 100.0, 100.0, 99.0, 99.0, 96.0, 96.0, 97.0, 98.0, 99.0, 99.0, 99.0, 95.0, 95.0, 94.0, 95.0, 96.0, 96.0, 95.0, 94.0, 91.0, 90.0, 88.0, 88.0, 87.0, 88.0, 88.0, 89.0, 89.0, 89.0, 89.0, 89.0, 89.0, 89.0, 90.0, 89.0, 91.0, 93.0, 93.0, 92.0, 93.0, 92.0, 93.0, 94.0, 93.0, 94.0, 95.0, 95.0, 95.0, 93.0, 93.0, 93.0, 94.0, 96.0, 97.0, 96.0, 96.0, 97.0, 97.0, 96.0, 97.0, 96.0, 96.0, 96.0, 96.0, 95.0, 95.0, 95.0, 95.0, 95.0, 96.0, 96.0, 95.0, 95.0, 95.0, 95.0, 95.0, 95.0, 97.0, 97.0, 96.0, 95.0, 98.0, 98.0, 99.0, 97.0, 97.0, 97.0, 98.0, 98.0, 96.0, 94.0, 94.0, 92.0, 91.0, 90.0, 90.0, 90.0, 90.0, 92.0, 91.0, 91.0, 91.0, 91.0, 92.0, 92.0, 93.0, 94.0, 94.0, 93.0, 93.0, 92.0, 93.0, 92.0, 92.0, 93.0, 92.0, 92.0, 91.0, 91.0, 92.0, 92.0, 93.0, 93.0, 94.0, 95.0, 94.0, 93.0, 93.0, 91.0, 92.0, 93.0, 93.0, 94.0, 94.0, 95.0, 93.0, 93.0, 91.0, 90.0, 90.0, 89.0, 90.0, 92.0, 94.0, 95.0, 95.0, 96.0, 95.0, 92.0, 92.0, 91.0, 92.0, 92.0, 92.0, 92.0, 94.0, 94.0, 92.0, 92.0, 92.0, 91.0, 91.0, 92.0, 94.0, 94.0, 94.0, 96.0, 95.0, 95.0, 95.0, 94.0, 92.0, 92.0, 93.0, 94.0, 94.0, 94.0, 94.0, 93.0, 92.0, 92.0, 93.0, 93.0, 93.0, 96.0, 96.0, 97.0, 98.0, 97.0, 98.0, 99.0, 100.0, 101.0, 101.0, 100.0, 100.0, 98.0, 96.0, 97.0, 97.0, 98.0, 98.0, 98.0, 98.0, 96.0, 95.0, 96.0, 96.0, 96.0, 96.0, 95.0, 94.0, 94.0, 94.0, 93.0, 92.0, 91.0, 91.0, 91.0, 91.0, 92.0, 94.0, 93.0, 92.0, 91.0, 90.0, 89.0, 90.0, 90.0, 92.0, 94.0, 95.0, 95.0, 94.0, 94.0, 93.0, 94.0, 94.0, 93.0, 93.0, 93.0, 93.0, 93.0, 93.0, 92.0, 91.0, 91.0, 91.0, 91.0, 90.0, 90.0, 89.0, 90.0, 90.0, 91.0, 91.0, 89.0, 87.0, 84.0, 83.0, 83.0, 84.0, 85.0, 85.0, 87.0, 87.0, 87.0, 87.0, 88.0, 88.0, 93.0, 94.0, 96.0, 97.0, 97.0, 95.0, 95.0, 94.0, 93.0, 92.0, 91.0, 91.0, 91.0, 92.0, 93.0, 94.0, 93.0, 92.0, 90.0, 88.0, 87.0, 87.0, 88.0, 90.0, 91.0, 92.0, 93.0, 94.0, 96.0, 95.0, 95.0, 95.0, 95.0, 94.0, 94.0, 94.0, 94.0, 94.0, 95.0, 96.0, 97.0, 96.0, 95.0, 95.0, 94.0, 95.0, 95.0, 97.0, 98.0, 99.0, 99.0, 98.0, 98.0, 99.0, 100.0, 100.0, 101.0, 102.0, 101.0, 101.0, 101.0, 101.0, 101.0, 101.0, 100.0, 99.0, 98.0, 98.0, 97.0, 97.0, 97.0, 97.0, 98.0, 98.0, 97.0, 96.0, 95.0, 96.0, 97.0, 97.0, 98.0, 100.0, 101.0, 100.0, 100.0, 99.0, 98.0, 97.0, 96.0, 97.0, 95.0, 94.0, 95.0, 94.0, 94.0, 95.0, 95.0, 96.0, 97.0, 96.0, 96.0, 96.0, 92.0, 92.0, 91.0, 91.0, 92.0, 92.0, 92.0, 93.0, 94.0, 96.0, 98.0, 98.0, 99.0, 99.0, 99.0, 100.0, 100.0, 100.0, 100.0, 100.0, 98.0, 98.0, 98.0, 97.0, 97.0, 97.0, 98.0, 97.0, 98.0, 99.0, 99.0, 99.0, 98.0, 99.0, 100.0, 101.0, 101.0, 101.0, 102.0, 101.0, 100.0, 99.0, 99.0, 100.0, 97.0, 96.0, 95.0, 95.0, 96.0, 96.0, 97.0, 99.0, 101.0, 102.0, 100.0, 99.0, 99.0, 101.0, 101.0, 102.0, 103.0, 103.0, 104.0, 103.0, 102.0, 101.0, 102.0, 102.0, 103.0, 103.0, 102.0, 101.0, 100.0, 100.0, 98.0, 98.0, 99.0, 100.0, 101.0, 103.0, 104.0, 106.0, 106.0, 106.0, 103.0, 103.0, 103.0, 102.0, 102.0, 102.0, 102.0, 103.0, 103.0, 103.0, 102.0, 102.0, 102.0, 102.0, 102.0, 102.0, 102.0, 102.0, 102.0, 101.0, 101.0, 98.0, 97.0, 97.0, 97.0, 98.0, 98.0, 98.0, 98.0, 98.0, 98.0, 99.0, 98.0, 98.0, 95.0, 95.0, 93.0, 93.0, 93.0, 93.0, 91.0, 91.0, 90.0, 90.0, 90.0, 92.0, 93.0, 93.0, 92.0, 91.0, 91.0, 91.0, 93.0, 94.0, 97.0, 100.0, 100.0, 101.0, 100.0, 100.0, 100.0, 101.0, 103.0, 104.0, 103.0, 103.0, 103.0, 103.0, 103.0, 103.0, 103.0, 102.0, 101.0, 99.0, 98.0, 96.0, 96.0, 96.0, 98.0, 99.0, 97.0, 97.0, 94.0, 93.0, 92.0, 92.0, 94.0, 94.0, 95.0, 96.0, 95.0, 95.0, 94.0, 94.0, 96.0, 97.0, 98.0, 100.0, 100.0, 100.0, 99.0, 99.0, 98.0, 98.0, 98.0, 99.0, 98.0, 98.0, 97.0, 96.0, 96.0, 97.0, 98.0, 98.0, 97.0, 96.0, 95.0, 95.0, 96.0, 97.0, 99.0, 99.0, 99.0, 99.0, 99.0, 100.0, 101.0, 103.0, 103.0, 105.0, 105.0, 104.0, 103.0, 102.0, 101.0, 101.0, 102.0, 102.0, 102.0, 103.0, 104.0, 102.0, 101.0, 101.0, 101.0, 101.0, 102.0, 104.0, 106.0, 107.0, 108.0, 108.0, 107.0, 106.0, 106.0, 106.0, 106.0, 107.0, 108.0, 110.0, 110.0, 111.0, 111.0, 111.0, 110.0, 109.0, 108.0, 108.0, 108.0, 108.0, 109.0, 109.0, 109.0, 109.0, 107.0, 107.0, 102.0, 101.0, 101.0, 102.0, 103.0, 103.0, 103.0, 100.0, 100.0, 101.0, 102.0, 103.0, 102.0, 102.0, 101.0, 100.0, 101.0, 102.0, 103.0, 104.0, 104.0, 105.0, 106.0, 106.0, 106.0, 106.0, 105.0, 105.0, 105.0, 106.0, 106.0, 105.0, 105.0, 105.0, 105.0, 104.0, 104.0, 104.0, 104.0, 106.0, 107.0, 107.0, 107.0, 107.0, 108.0, 108.0, 109.0, 109.0, 110.0, 109.0, 108.0, 107.0, 107.0, 107.0, 108.0, 108.0, 107.0, 105.0, 105.0, 105.0, 105.0, 104.0, 104.0, 104.0, 103.0, 103.0, 102.0, 102.0, 103.0, 104.0, 105.0, 105.0, 105.0, 105.0, 105.0, 104.0, 105.0, 105.0, 106.0, 105.0, 104.0, 104.0, 105.0, 106.0, 107.0, 107.0, 107.0, 107.0, 105.0, 105.0, 105.0, 103.0, 103.0, 104.0, 105.0, 106.0, 108.0, 108.0, 109.0, 111.0, 111.0, 112.0, 113.0, 113.0, 113.0, 112.0, 110.0, 108.0, 107.0, 107.0, 107.0, 107.0, 108.0, 108.0, 109.0, 109.0, 108.0, 108.0, 107.0, 107.0, 107.0, 108.0, 108.0, 109.0, 109.0, 110.0, 110.0, 110.0, 109.0, 108.0, 108.0, 108.0, 109.0, 109.0, 109.0, 110.0, 110.0, 110.0, 110.0, 109.0, 108.0, 107.0, 107.0, 107.0, 107.0, 107.0, 107.0, 107.0, 107.0, 108.0, 108.0, 108.0, 108.0, 107.0, 107.0, 106.0, 106.0, 106.0, 106.0, 105.0, 105.0, 105.0, 105.0, 105.0, 105.0, 105.0, 106.0, 106.0, 105.0, 105.0, 105.0, 106.0, 106.0, 107.0, 107.0, 107.0, 107.0, 107.0, 107.0, 107.0, 106.0, 106.0, 106.0, 106.0, 106.0, 106.0, 106.0, 105.0, 105.0, 103.0, 101.0, 101.0, 101.0, 101.0, 99.0, 100.0, 98.0, 97.0, 97.0, 98.0, 98.0",13632,78,1
10/10/17,50,,,,11214,50,
11/10/17,70,36,FruitNinja,"92.0, 93.0, 94.0, 94.0, 95.0, 95.0, 95.0, 97.0, 97.0, 97.0, 98.0, 98.0, 99.0, 99.0, 99.0, 99.0, 99.0, 99.0, 100.0, 100.0, 100.0, 99.0, 99.0, 99.0, 98.0, 97.0, 96.0, 96.0, 95.0, 95.0, 94.0, 93.0, 92.0, 92.0, 92.0, 91.0, 90.0, 91.0, 91.0, 91.0, 90.0, 89.0, 89.0, 91.0, 92.0, 94.0, 93.0, 93.0, 92.0, 92.0, 93.0, 93.0, 94.0, 93.0, 94.0, 95.0, 96.0, 97.0, 98.0, 98.0, 98.0, 98.0, 98.0, 97.0, 98.0, 99.0, 99.0, 99.0, 98.0, 99.0, 99.0, 100.0, 100.0, 101.0, 101.0, 102.0, 102.0, 103.0, 104.0, 104.0, 103.0, 102.0, 102.0, 102.0, 102.0, 102.0, 103.0, 104.0, 104.0, 105.0, 105.0, 105.0, 105.0, 105.0, 105.0, 105.0, 105.0, 105.0, 106.0, 106.0, 106.0, 104.0, 104.0, 102.0, 99.0, 99.0, 95.0, 94.0, 93.0, 91.0, 91.0, 91.0, 91.0, 92.0, 92.0, 92.0, 91.0, 91.0, 91.0, 91.0, 91.0, 95.0, 96.0, 97.0, 97.0, 97.0, 98.0, 98.0, 99.0, 99.0, 102.0, 102.0, 101.0, 101.0, 101.0, 100.0, 100.0, 100.0, 100.0, 100.0, 100.0, 99.0, 99.0, 99.0, 98.0, 98.0, 98.0, 97.0, 98.0, 98.0, 97.0, 97.0, 94.0, 93.0, 92.0, 92.0, 92.0, 92.0, 92.0, 92.0, 0.0, 0.0, 0.0, 0.0, 86.0, 90.0, 91.0, 92.0, 93.0, 92.0, 93.0, 94.0, 95.0, 95.0, 96.0, 96.0, 97.0, 97.0, 97.0, 97.0, 96.0, 97.0, 97.0, 97.0, 98.0, 99.0, 100.0, 100.0, 101.0, 101.0, 102.0, 103.0, 104.0, 105.0, 105.0, 105.0, 104.0, 103.0, 103.0, 102.0, 101.0, 100.0, 99.0, 99.0, 98.0, 98.0, 99.0, 99.0, 100.0, 100.0, 101.0, 102.0, 101.0, 101.0, 101.0, 101.0, 101.0, 102.0, 103.0, 104.0, 105.0, 106.0, 107.0, 107.0, 107.0, 107.0, 107.0, 107.0, 108.0, 108.0, 108.0, 106.0, 105.0, 104.0, 104.0, 104.0, 104.0, 105.0, 106.0, 106.0, 107.0, 107.0, 107.0, 107.0, 108.0, 108.0, 108.0, 107.0, 104.0, 103.0, 103.0, 103.0, 102.0, 101.0, 101.0, 99.0, 99.0, 100.0, 100.0, 98.0, 97.0, 95.0, 94.0, 94.0, 94.0, 95.0, 95.0, 96.0, 97.0, 99.0, 99.0, 99.0, 99.0, 99.0, 99.0, 99.0, 100.0, 102.0, 102.0, 102.0, 103.0, 103.0, 103.0, 103.0, 103.0, 104.0, 104.0, 105.0, 105.0, 105.0, 104.0, 103.0, 103.0, 102.0, 102.0, 102.0, 103.0, 104.0, 105.0, 104.0, 104.0, 103.0, 103.0, 100.0, 99.0, 99.0, 99.0, 98.0, 98.0, 97.0, 97.0, 95.0, 95.0, 94.0, 95.0, 96.0, 96.0, 96.0, 98.0, 97.0, 97.0, 96.0, 97.0, 97.0, 98.0, 98.0, 100.0, 101.0, 102.0, 103.0, 103.0, 103.0, 103.0, 103.0, 104.0, 105.0, 106.0, 106.0, 105.0, 105.0, 105.0, 103.0, 103.0, 102.0, 102.0, 100.0, 99.0, 99.0, 99.0, 97.0, 95.0, 95.0, 95.0, 95.0, 95.0, 95.0, 95.0, 97.0, 97.0, 98.0, 100.0, 101.0, 102.0, 102.0, 102.0, 102.0, 102.0, 101.0, 101.0, 101.0, 101.0, 101.0, 102.0, 101.0, 101.0, 101.0, 101.0, 99.0, 99.0, 99.0, 99.0, 99.0, 100.0, 101.0, 102.0, 102.0, 103.0, 103.0, 104.0, 104.0, 104.0, 104.0, 104.0, 105.0, 104.0, 104.0, 104.0, 104.0, 103.0, 102.0, 101.0, 99.0, 100.0, 100.0, 100.0, 100.0, 100.0, 100.0, 100.0, 101.0, 102.0, 102.0, 104.0, 105.0, 106.0, 106.0, 107.0, 108.0, 109.0, 110.0, 110.0, 111.0, 110.0, 110.0, 108.0, 106.0, 105.0, 105.0, 104.0, 105.0, 106.0, 107.0, 108.0, 109.0, 110.0, 110.0, 110.0, 110.0, 110.0, 111.0, 111.0, 112.0, 112.0, 113.0, 113.0, 113.0, 113.0, 113.0, 113.0, 114.0, 113.0, 113.0, 113.0, 112.0, 112.0, 111.0, 111.0, 112.0, 112.0, 113.0, 113.0, 113.0, 113.0, 113.0, 113.0, 113.0, 113.0, 113.0, 114.0, 114.0, 114.0, 114.0, 114.0, 114.0, 114.0, 112.0, 111.0, 110.0, 109.0, 109.0, 108.0, 108.0, 108.0, 108.0, 109.0, 108.0, 108.0, 108.0, 105.0, 103.0, 103.0, 104.0, 105.0, 106.0, 106.0, 106.0, 106.0, 99.0, 97.0, 97.0, 94.0, 93.0, 94.0, 96.0, 98.0, 99.0, 100.0, 102.0, 102.0, 102.0, 102.0, 102.0, 103.0, 103.0, 104.0, 104.0, 105.0, 106.0, 106.0, 107.0, 107.0, 107.0, 108.0, 108.0, 109.0, 110.0, 110.0, 110.0, 109.0, 109.0, 108.0, 109.0, 110.0, 110.0, 110.0, 111.0, 112.0, 112.0, 112.0, 111.0, 110.0, 110.0, 111.0, 111.0, 112.0, 113.0, 113.0, 113.0, 114.0, 114.0, 114.0, 114.0, 111.0, 110.0, 110.0, 110.0, 110.0, 109.0, 109.0, 110.0, 111.0, 112.0, 112.0, 112.0, 111.0, 110.0, 108.0, 108.0, 107.0, 106.0, 105.0, 105.0, 104.0, 104.0, 104.0, 104.0, 104.0, 103.0, 102.0, 101.0, 100.0, 100.0, 100.0, 100.0, 99.0, 99.0, 99.0, 101.0, 101.0, 102.0, 104.0, 105.0, 106.0, 107.0, 107.0, 106.0, 104.0, 103.0, 102.0, 102.0, 102.0, 103.0, 104.0, 104.0, 105.0, 105.0, 106.0, 106.0, 106.0, 107.0, 107.0, 106.0, 106.0, 105.0, 105.0, 105.0, 106.0, 107.0, 108.0, 108.0, 108.0, 109.0, 109.0, 109.0, 109.0, 110.0, 110.0, 110.0, 110.0, 110.0, 110.0, 110.0, 109.0, 108.0, 107.0, 107.0, 107.0, 107.0, 107.0, 107.0, 106.0, 106.0, 106.0, 106.0, 106.0, 107.0, 107.0, 107.0, 108.0, 108.0, 109.0, 109.0, 109.0, 109.0, 110.0, 110.0, 109.0, 108.0, 108.0, 108.0, 108.0, 109.0, 109.0, 110.0, 110.0, 110.0, 109.0, 109.0, 108.0, 108.0, 108.0, 109.0, 109.0, 109.0, 110.0, 110.0, 109.0, 109.0, 109.0, 108.0, 107.0, 107.0, 107.0, 108.0, 108.0, 107.0, 107.0, 107.0, 103.0, 101.0, 101.0, 99.0, 99.0, 100.0, 101.0, 102.0, 102.0, 103.0, 104.0, 105.0, 105.0, 106.0, 106.0, 106.0, 107.0, 109.0, 110.0, 110.0, 111.0, 111.0, 112.0, 113.0, 114.0, 114.0, 114.0, 114.0, 114.0, 114.0, 113.0, 113.0, 114.0, 114.0, 114.0, 114.0, 114.0, 114.0, 114.0, 114.0, 114.0, 114.0, 114.0, 113.0, 113.0, 111.0, 111.0, 110.0, 110.0, 111.0, 111.0, 111.0, 111.0, 111.0, 112.0, 112.0, 113.0, 113.0, 112.0, 112.0, 113.0, 113.0, 113.0, 114.0, 115.0, 115.0, 116.0, 116.0, 116.0, 116.0, 116.0, 116.0, 116.0, 116.0, 116.0, 116.0, 115.0, 115.0, 115.0, 115.0, 115.0, 115.0, 117.0, 118.0, 118.0, 119.0, 119.0, 119.0, 119.0, 119.0, 119.0, 119.0, 120.0, 120.0, 121.0, 121.0, 120.0, 119.0, 119.0, 119.0, 119.0, 119.0, 118.0, 118.0, 117.0, 116.0, 115.0, 114.0, 113.0, 113.0, 113.0, 113.0, 113.0, 112.0, 111.0, 111.0, 110.0, 111.0, 111.0, 111.0, 112.0, 112.0, 113.0, 113.0, 113.0, 113.0, 114.0, 115.0, 116.0, 117.0, 118.0, 118.0, 118.0, 118.0, 118.0, 118.0, 119.0, 119.0, 119.0, 118.0, 117.0, 116.0, 116.0, 115.0, 115.0, 114.0, 114.0, 114.0, 114.0, 114.0, 114.0, 114.0, 114.0, 115.0, 116.0, 116.0, 116.0, 114.0, 113.0, 113.0, 113.0, 114.0, 114.0, 114.0, 114.0, 114.0, 114.0, 114.0, 114.0, 114.0, 114.0, 114.0, 114.0, 114.0, 114.0, 114.0, 113.0, 113.0, 113.0, 113.0, 113.0, 114.0, 114.0, 114.0, 114.0, 114.0, 114.0, 113.0, 112.0, 112.0, 113.0, 113.0, 114.0, 116.0, 116.0, 117.0, 118.0, 118.0, 119.0, 119.0, 117.0, 116.0, 114.0, 114.0, 113.0, 113.0, 114.0, 115.0, 116.0, 117.0, 118.0, 119.0, 119.0, 120.0, 120.0, 121.0, 121.0, 122.0, 122.0, 121.0, 121.0, 121.0, 121.0, 121.0, 121.0, 119.0, 118.0, 117.0, 115.0, 115.0, 114.0, 114.0, 114.0, 114.0, 114.0, 114.0, 114.0, 114.0, 115.0, 115.0, 115.0, 113.0, 112.0, 111.0, 110.0, 110.0, 108.0, 108.0, 109.0, 110.0, 110.0, 109.0, 108.0, 107.0, 105.0, 105.0, 105.0, 105.0, 104.0, 104.0, 105.0, 105.0, 106.0, 107.0, 107.0, 107.0, 107.0, 106.0, 105.0, 105.0, 106.0, 107.0, 107.0, 107.0, 106.0, 106.0, 106.0, 106.0, 107.0, 107.0, 108.0, 107.0, 108.0, 108.0, 108.0, 108.0, 109.0, 110.0, 111.0, 111.0, 112.0, 112.0, 113.0, 114.0, 115.0, 115.0, 114.0, 114.0, 115.0, 115.0, 115.0, 115.0, 115.0, 115.0, 115.0, 116.0, 116.0, 117.0, 117.0, 117.0, 117.0, 117.0, 116.0, 116.0, 116.0, 116.0, 116.0, 115.0, 116.0, 116.0, 116.0, 116.0, 116.0, 117.0, 116.0, 116.0, 117.0, 117.0, 117.0, 117.0, 117.0, 118.0, 118.0, 118.0, 117.0, 117.0, 117.0, 117.0, 117.0, 118.0, 118.0, 118.0, 118.0, 119.0, 119.0, 119.0, 119.0, 119.0, 119.0, 120.0, 120.0, 119.0, 118.0, 117.0, 115.0, 115.0, 114.0, 114.0, 114.0, 114.0, 113.0, 112.0, 111.0, 109.0, 109.0, 109.0, 110.0, 111.0, 112.0, 112.0, 111.0, 110.0, 109.0, 108.0, 108.0, 109.0, 109.0, 110.0, 110.0, 110.0, 110.0, 110.0, 109.0, 110.0, 110.0, 110.0, 109.0, 109.0, 110.0, 110.0, 110.0, 110.0, 110.0, 109.0, 108.0, 107.0, 107.0, 108.0, 108.0, 109.0, 110.0, 111.0, 112.0, 112.0, 112.0, 111.0, 111.0, 111.0, 111.0, 112.0, 112.0, 113.0, 113.0, 113.0, 112.0, 111.0, 111.0, 111.0, 111.0, 111.0, 113.0, 114.0, 114.0, 114.0, 114.0, 114.0, 114.0, 114.0, 114.0, 114.0, 114.0, 115.0, 115.0, 116.0, 116.0, 116.0, 116.0, 116.0, 116.0, 116.0, 116.0, 116.0, 115.0, 114.0, 114.0, 114.0, 114.0, 115.0, 115.0, 115.0, 116.0, 116.0, 116.0, 115.0, 115.0, 115.0, 115.0, 115.0, 115.0, 114.0, 113.0, 113.0, 113.0, 113.0, 113.0, 114.0, 114.0, 115.0, 115.0, 114.0, 114.0, 113.0, 112.0, 111.0, 110.0, 109.0, 107.0, 106.0, 106.0, 107.0, 108.0, 108.0, 108.0, 109.0, 109.0, 108.0, 107.0, 107.0, 105.0, 105.0, 105.0, 106.0, 106.0, 107.0, 107.0, 108.0, 109.0, 109.0, 109.0, 110.0, 110.0, 109.0, 109.0, 108.0, 109.0, 110.0, 111.0, 111.0, 111.0, 109.0, 107.0, 107.0, 107.0, 107.0, 107.0, 108.0, 108.0, 108.0, 111.0, 111.0, 111.0, 108.0, 106.0, 105.0, 104.0, 105.0, 105.0, 105.0, 106.0, 106.0, 106.0, 106.0, 106.0, 106.0, 107.0, 107.0, 107.0, 107.0, 108.0, 108.0, 109.0, 109.0, 110.0, 110.0, 110.0, 110.0, 109.0, 109.0, 108.0, 108.0, 108.0, 107.0, 107.0, 107.0, 107.0, 108.0, 108.0, 107.0, 106.0, 105.0, 105.0, 105.0, 105.0, 104.0, 105.0, 106.0, 106.0, 107.0, 108.0, 109.0, 109.0, 108.0, 108.0, 108.0, 108.0, 109.0, 109.0, 109.0, 109.0, 109.0, 109.0, 108.0, 108.0, 108.0, 107.0, 107.0, 106.0, 106.0, 107.0, 107.0, 107.0, 107.0, 106.0, 106.0, 102.0, 99.0, 96.0, 95.0, 94.0, 95.0, 97.0, 99.0, 99.0, 101.0, 103.0, 104.0, 105.0, 106.0, 106.0, 106.0, 106.0, 106.0, 101.0, 100.0, 99.0, 100.0, 101.0, 101.0, 102.0, 102.0, 102.0, 102.0, 104.0, 104.0, 105.0, 105.0, 106.0, 106.0, 107.0, 107.0, 106.0, 106.0, 105.0, 105.0, 106.0, 106.0, 106.0, 106.0, 106.0, 107.0, 107.0, 107.0, 107.0, 107.0, 107.0, 107.0, 108.0, 108.0, 108.0, 108.0, 108.0, 108.0, 109.0, 109.0, 109.0, 109.0, 109.0, 109.0, 109.0, 110.0, 110.0, 110.0, 110.0, 110.0, 110.0, 110.0, 110.0, 110.0, 110.0, 110.0, 110.0, 110.0, 110.0, 110.0, 110.0, 110.0, 110.0, 110.0, 110.0, 110.0, 110.0, 110.0, 109.0, 108.0, 107.0, 106.0, 104.0, 104.0, 104.0, 104.0, 102.0, 101.0, 102.0, 102.0, 102.0, 103.0, 103.0, 104.0, 104.0, 104.0, 106.0, 106.0, 106.0, 105.0, 105.0, 105.0, 106.0, 106.0, 106.0, 106.0, 106.0, 107.0, 107.0, 108.0, 109.0, 109.0, 110.0, 109.0, 108.0, 108.0, 108.0, 108.0, 108.0, 108.0, 108.0, 109.0, 109.0, 109.0, 109.0, 109.0, 109.0, 109.0, 108.0, 108.0, 108.0, 108.0, 109.0, 109.0, 109.0, 110.0, 110.0, 111.0, 111.0, 111.0, 110.0, 110.0, 110.0, 111.0, 111.0, 111.0, 112.0, 112.0, 111.0, 111.0, 111.0, 111.0, 111.0, 111.0, 111.0, 111.0, 110.0, 109.0, 107.0, 107.0, 107.0, 108.0, 109.0, 108.0, 107.0, 107.0, 107.0, 108.0, 108.0, 109.0, 109.0, 109.0, 109.0, 109.0, 109.0, 110.0, 110.0, 110.0, 110.0, 111.0, 111.0, 110.0, 110.0, 110.0, 110.0, 111.0, 111.0, 111.0, 111.0, 111.0, 110.0, 110.0, 110.0, 109.0, 109.0, 108.0, 108.0, 107.0, 106.0, 106.0, 105.0, 105.0, 105.0, 105.0, 106.0, 106.0, 106.0, 104.0, 104.0, 105.0, 106.0, 107.0, 106.0, 105.0, 105.0, 105.0, 104.0, 104.0, 104.0, 106.0, 106.0, 106.0, 106.0, 106.0, 106.0, 103.0, 102.0, 102.0, 99.0, 100.0, 101.0, 102.0, 103.0, 103.0, 103.0, 102.0, 101.0, 101.0, 99.0, 99.0, 98.0, 98.0, 98.0, 98.0, 98.0, 96.0, 95.0, 97.0, 98.0, 98.0, 99.0, 99.0, 99.0, 100.0, 101.0, 102.0, 103.0, 103.0, 104.0, 104.0, 104.0, 104.0, 105.0, 105.0, 106.0, 107.0, 107.0, 107.0, 106.0, 106.0, 105.0, 105.0, 105.0, 105.0, 105.0, 105.0, 105.0, 105.0, 105.0, 103.0, 102.0, 103.0, 103.0, 104.0, 105.0, 105.0, 107.0, 107.0, 107.0, 106.0, 106.0, 103.0, 102.0, 102.0, 103.0, 103.0, 104.0, 105.0, 105.0, 106.0, 105.0, 105.0, 103.0, 102.0, 102.0, 102.0, 102.0, 102.0, 102.0, 103.0, 103.0, 102.0, 102.0, 103.0, 103.0, 102.0, 102.0, 102.0, 102.0, 102.0, 102.0, 102.0, 103.0, 104.0, 103.0, 101.0, 101.0, 101.0, 101.0, 101.0, 100.0, 99.0, 98.0, 98.0, 99.0, 100.0, 100.0, 100.0, 99.0, 98.0, 97.0, 98.0, 99.0, 100.0, 102.0, 102.0, 102.0, 102.0, 102.0, 101.0, 101.0, 101.0, 102.0, 102.0, 102.0, 103.0, 103.0, 103.0, 103.0, 103.0, 102.0, 103.0, 103.0, 104.0, 104.0, 103.0, 103.0, 102.0, 102.0, 102.0, 102.0, 103.0, 103.0, 102.0, 102.0, 102.0, 101.0, 101.0, 101.0, 101.0, 102.0, 102.0, 103.0, 103.0, 103.0, 103.0, 103.0, 102.0, 101.0, 99.0, 99.0, 99.0, 99.0, 100.0, 100.0, 101.0, 101.0, 101.0, 101.0, 102.0, 102.0, 103.0, 103.0, 103.0, 104.0, 105.0, 106.0, 106.0, 106.0, 106.0, 105.0, 104.0, 104.0, 104.0, 105.0, 105.0, 105.0, 103.0, 103.0, 103.0, 103.0, 104.0, 104.0, 104.0, 104.0, 105.0, 104.0, 104.0, 103.0, 103.0, 102.0, 102.0, 102.0, 103.0, 104.0, 104.0, 103.0, 103.0, 103.0, 103.0, 103.0, 104.0, 105.0, 106.0, 106.0, 105.0, 104.0, 104.0, 104.0, 102.0, 103.0, 103.0, 105.0, 106.0, 108.0, 109.0, 110.0, 110.0, 110.0, 111.0, 111.0, 111.0, 110.0, 110.0, 110.0, 108.0, 109.0, 110.0, 111.0, 112.0, 112.0, 112.0, 112.0, 111.0, 110.0, 110.0, 108.0, 107.0, 107.0, 108.0, 108.0, 108.0, 109.0, 109.0, 109.0, 108.0, 107.0, 106.0, 106.0, 106.0, 106.0, 107.0, 108.0, 109.0, 110.0, 110.0, 110.0, 110.0, 108.0, 108.0, 109.0, 109.0, 109.0, 109.0, 109.0, 109.0, 109.0, 108.0, 108.0, 106.0, 106.0, 104.0, 103.0, 103.0, 103.0, 104.0, 105.0, 106.0, 107.0, 108.0, 107.0, 106.0, 106.0, 106.0, 106.0, 106.0, 106.0, 106.0, 106.0, 105.0, 105.0, 105.0, 105.0, 104.0, 103.0, 103.0, 103.0, 103.0, 103.0, 103.0, 103.0, 105.0, 105.0, 104.0, 103.0, 103.0, 102.0, 103.0, 104.0, 104.0, 105.0, 105.0, 105.0, 106.0, 106.0, 107.0, 107.0, 107.0, 107.0, 107.0, 107.0, 108.0, 107.0, 107.0, 107.0, 107.0, 107.0, 108.0, 108.0, 108.0, 108.0, 107.0, 107.0, 107.0, 107.0, 107.0, 107.0, 107.0, 106.0, 106.0, 105.0, 105.0, 105.0, 107.0, 107.0, 108.0, 108.0, 108.0, 107.0, 105.0, 105.0, 104.0, 104.0, 104.0, 104.0, 104.0, 103.0, 103.0, 103.0, 103.0, 103.0, 104.0, 104.0, 102.0, 100.0, 99.0, 98.0, 99.0, 99.0, 99.0, 98.0, 97.0, 96.0, 95.0, 95.0, 95.0, 95.0, 96.0, 96.0, 97.0, 98.0, 99.0, 98.0, 97.0, 96.0, 97.0, 96.0, 96.0, 100.0, 100.0, 101.0, 100.0, 100.0, 100.0, 101.0, 101.0, 102.0, 102.0, 102.0, 100.0, 99.0, 98.0, 99.0, 99.0, 99.0, 100.0, 100.0, 100.0, 99.0, 98.0, 95.0, 94.0, 94.0, 93.0, 94.0, 94.0, 95.0, 94.0, 92.0, 92.0, 91.0, 91.0, 91.0, 92.0, 92.0, 92.0, 92.0, 93.0, 93.0, 94.0, 95.0, 96.0, 95.0, 95.0, 96.0, 95.0, 96.0, 96.0, 96.0, 96.0, 97.0, 97.0, 98.0, 98.0, 99.0, 100.0, 100.0, 100.0, 98.0, 97.0, 96.0, 96.0, 97.0, 97.0, 97.0, 97.0, 98.0, 99.0, 100.0, 100.0, 100.0, 100.0, 100.0, 100.0, 101.0, 102.0, 102.0, 101.0, 101.0, 99.0, 97.0, 93.0, 92.0, 91.0, 91.0, 93.0, 94.0, 94.0, 93.0, 93.0, 95.0, 96.0, 94.0, 93.0, 91.0, 91.0, 90.0, 90.0, 92.0, 94.0, 94.0, 94.0, 94.0, 94.0, 93.0, 92.0, 91.0, 89.0, 87.0, 87.0, 86.0, 87.0, 89.0, 90.0, 90.0, 89.0, 88.0, 87.0, 87.0, 87.0, 87.0, 88.0, 90.0, 89.0, 91.0, 91.0, 93.0, 93.0, 93.0, 94.0, 93.0, 95.0, 96.0, 96.0, 95.0, 95.0, 95.0, 96.0, 97.0, 97.0, 98.0, 97.0, 97.0, 95.0, 93.0, 91.0, 91.0, 90.0, 90.0, 91.0, 92.0, 92.0, 92.0, 92.0, 91.0, 92.0, 93.0, 94.0, 95.0, 95.0, 95.0, 95.0, 97.0, 98.0, 98.0, 97.0, 97.0, 93.0, 92.0, 92.0, 94.0, 95.0, 95.0, 96.0, 96.0, 95.0, 96.0, 96.0, 97.0, 96.0, 96.0, 96.0, 97.0, 96.0, 96.0, 96.0, 96.0, 96.0, 96.0, 97.0, 99.0, 99.0, 100.0, 100.0, 100.0, 100.0, 100.0, 100.0, 101.0, 101.0, 101.0, 102.0, 103.0, 104.0, 104.0, 105.0, 105.0, 105.0, 105.0, 105.0, 106.0, 106.0, 105.0, 105.0, 104.0, 103.0, 103.0, 101.0, 100.0, 100.0, 100.0, 100.0, 100.0, 100.0, 100.0, 100.0, 99.0, 98.0, 97.0, 97.0, 96.0, 97.0, 96.0, 96.0, 98.0, 98.0, 98.0, 97.0, 98.0, 98.0, 98.0, 96.0, 95.0, 93.0, 93.0, 94.0, 93.0, 93.0, 93.0, 92.0, 91.0, 91.0, 92.0, 92.0, 93.0, 94.0, 94.0, 96.0, 96.0, 97.0, 96.0, 96.0, 96.0, 96.0, 96.0, 96.0, 95.0, 94.0, 92.0, 93.0, 94.0, 95.0, 95.0, 94.0, 93.0, 92.0, 92.0, 93.0, 93.0, 94.0, 93.0, 92.0, 91.0, 90.0, 90.0, 91.0, 92.0, 92.0, 94.0, 94.0, 95.0, 95.0, 95.0, 96.0, 96.0, 96.0, 97.0, 96.0, 96.0, 97.0, 98.0, 98.0, 98.0, 98.0, 99.0, 99.0, 100.0, 101.0, 102.0, 102.0, 102.0, 102.0, 102.0, 97.0, 96.0, 97.0, 97.0, 97.0, 97.0, 97.0, 97.0, 96.0, 96.0, 97.0, 98.0, 99.0, 99.0, 99.0, 100.0, 98.0, 97.0, 98.0, 98.0, 98.0, 99.0, 100.0, 100.0, 99.0, 98.0, 97.0, 97.0, 98.0, 99.0, 100.0, 100.0, 102.0, 103.0, 103.0, 104.0, 104.0, 105.0, 105.0, 106.0, 107.0, 107.0, 108.0, 108.0, 108.0, 108.0, 105.0, 103.0, 102.0, 101.0, 100.0, 101.0, 101.0, 102.0, 103.0, 103.0, 103.0, 102.0, 101.0, 100.0, 100.0, 100.0, 100.0, 99.0, 99.0, 98.0, 98.0, 98.0, 98.0, 98.0, 98.0, 99.0, 98.0, 98.0, 98.0, 97.0, 97.0, 97.0, 97.0, 97.0, 96.0, 96.0, 96.0, 96.0, 96.0, 96.0, 97.0, 97.0, 98.0, 99.0, 99.0",14476,106,1
12/10/17,34,26,"Holopoint/Longbow","92.0, 93.0, 94.0, 95.0, 97.0, 98.0, 99.0, 100.0, 101.0, 101.0, 102.0, 102.0, 102.0, 102.0, 102.0, 103.0, 103.0, 104.0, 105.0, 105.0, 105.0, 105.0, 104.0, 104.0, 104.0, 104.0, 104.0, 105.0, 105.0, 105.0, 105.0, 104.0, 103.0, 103.0, 103.0, 102.0, 101.0, 101.0, 101.0, 101.0, 100.0, 101.0, 101.0, 101.0, 102.0, 102.0, 102.0, 102.0, 101.0, 101.0, 100.0, 100.0, 101.0, 102.0, 103.0, 104.0, 104.0, 104.0, 103.0, 104.0, 105.0, 105.0, 105.0, 104.0, 104.0, 104.0, 105.0, 107.0, 107.0, 108.0, 109.0, 110.0, 110.0, 110.0, 110.0, 109.0, 109.0, 109.0, 109.0, 108.0, 108.0, 107.0, 106.0, 106.0, 106.0, 107.0, 107.0, 108.0, 108.0, 109.0, 109.0, 109.0, 110.0, 111.0, 111.0, 112.0, 113.0, 113.0, 113.0, 113.0, 113.0, 113.0, 114.0, 113.0, 113.0, 113.0, 112.0, 112.0, 112.0, 112.0, 113.0, 113.0, 112.0, 111.0, 111.0, 111.0, 111.0, 111.0, 112.0, 112.0, 113.0, 113.0, 113.0, 113.0, 113.0, 112.0, 112.0, 112.0, 112.0, 112.0, 112.0, 110.0, 109.0, 108.0, 108.0, 108.0, 108.0, 108.0, 109.0, 109.0, 109.0, 110.0, 110.0, 110.0, 111.0, 112.0, 113.0, 114.0, 116.0, 117.0, 118.0, 118.0, 118.0, 119.0, 118.0, 117.0, 117.0, 117.0, 117.0, 116.0, 116.0, 117.0, 117.0, 116.0, 116.0, 116.0, 116.0, 115.0, 114.0, 112.0, 112.0, 111.0, 111.0, 111.0, 110.0, 108.0, 108.0, 104.0, 102.0, 99.0, 98.0, 96.0, 96.0, 96.0, 95.0, 95.0, 94.0, 95.0, 95.0, 95.0, 95.0, 95.0, 95.0, 95.0, 95.0, 94.0, 94.0, 93.0, 94.0, 94.0, 95.0, 95.0, 96.0, 97.0, 98.0, 100.0, 100.0, 100.0, 100.0, 101.0, 103.0, 103.0, 104.0, 104.0, 105.0, 106.0, 106.0, 107.0, 107.0, 107.0, 108.0, 108.0, 109.0, 109.0, 109.0, 110.0, 110.0, 110.0, 111.0, 112.0, 112.0, 112.0, 112.0, 111.0, 111.0, 111.0, 112.0, 113.0, 114.0, 114.0, 115.0, 115.0, 115.0, 116.0, 117.0, 118.0, 119.0, 119.0, 120.0, 121.0, 121.0, 121.0, 121.0, 120.0, 119.0, 119.0, 119.0, 120.0, 120.0, 120.0, 120.0, 120.0, 120.0, 121.0, 121.0, 121.0, 121.0, 121.0, 122.0, 122.0, 122.0, 122.0, 122.0, 122.0, 121.0, 120.0, 119.0, 118.0, 118.0, 119.0, 120.0, 121.0, 122.0, 122.0, 123.0, 124.0, 123.0, 123.0, 123.0, 123.0, 124.0, 124.0, 125.0, 125.0, 126.0, 126.0, 126.0, 126.0, 126.0, 126.0, 127.0, 127.0, 126.0, 125.0, 124.0, 124.0, 124.0, 124.0, 124.0, 125.0, 125.0, 126.0, 128.0, 128.0, 129.0, 129.0, 130.0, 131.0, 131.0, 131.0, 131.0, 131.0, 131.0, 131.0, 131.0, 131.0, 132.0, 132.0, 131.0, 131.0, 131.0, 131.0, 131.0, 131.0, 131.0, 131.0, 131.0, 132.0, 132.0, 132.0, 131.0, 131.0, 131.0, 131.0, 132.0, 132.0, 132.0, 133.0, 133.0, 133.0, 133.0, 133.0, 133.0, 134.0, 134.0, 134.0, 135.0, 135.0, 134.0, 134.0, 134.0, 134.0, 133.0, 133.0, 133.0, 133.0, 133.0, 133.0, 134.0, 134.0, 134.0, 134.0, 133.0, 134.0, 134.0, 134.0, 134.0, 134.0, 134.0, 134.0, 135.0, 136.0, 136.0, 137.0, 138.0, 138.0, 138.0, 139.0, 139.0, 140.0, 140.0, 140.0, 141.0, 141.0, 140.0, 140.0, 140.0, 140.0, 138.0, 138.0, 137.0, 137.0, 137.0, 137.0, 138.0, 137.0, 137.0, 137.0, 137.0, 136.0, 137.0, 137.0, 138.0, 139.0, 139.0, 140.0, 140.0, 140.0, 140.0, 140.0, 141.0, 141.0, 142.0, 143.0, 143.0, 144.0, 145.0, 145.0, 147.0, 147.0, 147.0, 147.0, 146.0, 146.0, 145.0, 145.0, 144.0, 144.0, 143.0, 143.0, 141.0, 139.0, 137.0, 135.0, 134.0, 132.0, 131.0, 130.0, 129.0, 129.0, 128.0, 128.0, 128.0, 127.0, 127.0, 127.0, 127.0, 128.0, 129.0, 130.0, 130.0, 129.0, 127.0, 125.0, 124.0, 124.0, 124.0, 124.0, 124.0, 124.0, 126.0, 127.0, 127.0, 128.0, 128.0, 128.0, 128.0, 128.0, 129.0, 130.0, 130.0, 133.0, 134.0, 136.0, 137.0, 138.0, 139.0, 139.0, 140.0, 141.0, 141.0, 142.0, 142.0, 143.0, 143.0, 143.0, 143.0, 143.0, 143.0, 143.0, 143.0, 143.0, 143.0, 142.0, 142.0, 141.0, 141.0, 140.0, 141.0, 141.0, 142.0, 143.0, 143.0, 143.0, 144.0, 144.0, 145.0, 146.0, 147.0, 147.0, 149.0, 149.0, 150.0, 151.0, 152.0, 153.0, 154.0, 155.0, 155.0, 155.0, 156.0, 156.0, 156.0, 156.0, 155.0, 154.0, 154.0, 154.0, 154.0, 154.0, 154.0, 154.0, 153.0, 153.0, 153.0, 153.0, 153.0, 152.0, 152.0, 152.0, 152.0, 153.0, 154.0, 154.0, 155.0, 155.0, 155.0, 155.0, 154.0, 153.0, 151.0, 150.0, 149.0, 147.0, 145.0, 143.0, 141.0, 140.0, 139.0, 138.0, 138.0, 136.0, 136.0, 135.0, 134.0, 133.0, 133.0, 133.0, 132.0, 130.0, 128.0",10440,60,0.4:0.6
13/10/17,27,,,,7378,27,
14/10/17,,,,,0,0,
15/10/17,,,,,0,0,
16/10/17,47,,,,10481,47,
17/10/17,41,,,,10524,41,
18/10/17,28,33,Holoball,"92.0, 93.0, 95.0, 97.0, 97.0, 96.0, 96.0, 94.0, 92.0, 92.0, 89.0, 87.0, 86.0, 88.0, 87.0, 86.0, 84.0, 84.0, 83.0, 81.0, 80.0, 80.0, 79.0, 78.0, 78.0, 77.0, 77.0, 77.0, 77.0, 78.0, 79.0, 81.0, 81.0, 81.0, 81.0, 82.0, 82.0, 82.0, 82.0, 82.0, 83.0, 83.0, 83.0, 83.0, 83.0, 83.0, 83.0, 83.0, 83.0, 83.0, 83.0, 83.0, 84.0, 85.0, 87.0, 87.0, 87.0, 85.0, 85.0, 85.0, 84.0, 85.0, 86.0, 87.0, 87.0, 86.0, 86.0, 84.0, 81.0, 80.0, 80.0, 80.0, 79.0, 80.0, 80.0, 81.0, 81.0, 81.0, 81.0, 81.0, 80.0, 80.0, 79.0, 79.0, 78.0, 78.0, 78.0, 78.0, 78.0, 78.0, 79.0, 79.0, 80.0, 81.0, 81.0, 80.0, 80.0, 79.0, 82.0, 84.0, 88.0, 88.0, 90.0, 92.0, 94.0, 95.0, 96.0, 98.0, 97.0, 96.0, 96.0, 98.0, 98.0, 98.0, 98.0, 97.0, 96.0, 96.0, 96.0, 97.0, 98.0, 98.0, 98.0, 98.0, 99.0, 99.0, 100.0, 100.0, 101.0, 104.0, 108.0, 107.0, 107.0, 106.0, 107.0, 106.0, 106.0, 106.0, 106.0, 106.0, 106.0, 106.0, 107.0, 107.0, 107.0, 107.0, 106.0, 105.0, 106.0, 106.0, 106.0, 107.0, 107.0, 107.0, 107.0, 107.0, 107.0, 107.0, 107.0, 107.0, 107.0, 107.0, 106.0, 107.0, 108.0, 109.0, 109.0, 110.0, 110.0, 109.0, 109.0, 107.0, 107.0, 106.0, 106.0, 105.0, 105.0, 104.0, 103.0, 102.0, 101.0, 101.0, 102.0, 101.0, 101.0, 101.0, 100.0, 99.0, 98.0, 99.0, 99.0, 100.0, 103.0, 103.0, 104.0, 105.0, 105.0, 105.0, 105.0, 104.0, 103.0, 102.0, 100.0, 100.0, 100.0, 100.0, 99.0, 98.0, 98.0, 98.0, 98.0, 98.0, 98.0, 99.0, 100.0, 100.0, 100.0, 100.0, 99.0, 100.0, 100.0, 100.0, 100.0, 100.0, 100.0, 100.0, 97.0, 97.0, 99.0, 99.0, 100.0, 100.0, 101.0, 101.0, 101.0, 101.0, 101.0, 102.0, 100.0, 100.0, 99.0, 99.0, 100.0, 100.0, 100.0, 100.0, 100.0, 100.0, 101.0, 101.0, 101.0, 100.0, 100.0, 100.0, 100.0, 101.0, 103.0, 103.0, 103.0, 103.0, 100.0, 100.0, 100.0, 100.0, 100.0, 101.0, 101.0, 101.0, 101.0, 101.0, 102.0, 104.0, 105.0, 105.0, 105.0, 106.0, 108.0, 110.0, 110.0, 110.0, 109.0, 109.0, 107.0, 107.0, 108.0, 108.0, 108.0, 106.0, 106.0, 106.0, 106.0, 106.0, 106.0, 106.0, 107.0, 106.0, 106.0, 105.0, 103.0, 104.0, 104.0, 104.0, 103.0, 103.0, 104.0, 104.0, 104.0, 106.0, 107.0, 107.0, 109.0, 109.0, 109.0, 108.0, 107.0, 107.0, 105.0, 105.0, 106.0, 106.0, 106.0, 106.0, 107.0, 107.0, 108.0, 108.0, 108.0, 108.0, 107.0, 107.0, 106.0, 106.0, 106.0, 106.0, 106.0, 106.0, 106.0, 106.0, 105.0, 105.0, 104.0, 104.0, 105.0, 105.0, 105.0, 105.0, 106.0, 106.0, 106.0, 106.0, 107.0, 107.0, 107.0, 108.0, 108.0, 108.0, 109.0, 109.0, 108.0, 108.0, 108.0, 108.0, 109.0, 109.0, 107.0, 106.0, 105.0, 105.0, 104.0, 105.0, 105.0, 106.0, 109.0, 109.0, 109.0, 109.0, 109.0, 108.0, 107.0, 107.0, 108.0, 109.0, 110.0, 111.0, 110.0, 110.0, 110.0, 110.0, 110.0, 109.0, 108.0, 106.0, 106.0, 107.0, 107.0, 106.0, 106.0, 105.0, 103.0, 103.0, 103.0, 103.0, 103.0, 107.0, 107.0, 110.0, 110.0, 106.0, 105.0, 104.0, 102.0, 102.0, 102.0, 101.0, 100.0, 100.0, 101.0, 101.0, 102.0, 104.0, 104.0, 104.0, 103.0, 103.0, 103.0, 107.0, 111.0, 111.0, 111.0, 111.0, 107.0, 106.0, 105.0, 104.0, 104.0, 104.0, 105.0, 105.0, 106.0, 106.0, 106.0, 106.0, 108.0, 107.0, 107.0, 107.0, 105.0, 104.0, 104.0, 104.0, 103.0, 104.0, 104.0, 110.0, 110.0, 109.0, 108.0, 107.0, 107.0, 107.0, 107.0, 107.0, 107.0, 107.0, 107.0, 108.0, 111.0, 111.0, 111.0, 111.0, 110.0, 110.0, 110.0, 111.0, 111.0, 110.0, 110.0, 110.0, 111.0, 111.0, 110.0, 110.0, 109.0, 107.0, 108.0, 107.0, 107.0, 105.0, 105.0, 105.0, 106.0, 107.0, 107.0, 108.0, 107.0, 107.0, 107.0, 108.0, 108.0, 108.0, 108.0, 112.0, 112.0, 117.0, 117.0, 115.0, 114.0, 112.0, 112.0, 111.0, 110.0, 109.0, 109.0, 109.0, 108.0, 108.0, 107.0, 107.0, 107.0, 107.0, 107.0, 107.0, 105.0, 104.0, 105.0, 103.0, 104.0, 105.0, 106.0, 107.0, 108.0, 109.0, 109.0, 109.0, 108.0, 108.0, 108.0, 109.0, 108.0, 108.0, 107.0, 107.0, 106.0, 107.0, 109.0, 109.0, 109.0, 110.0, 110.0, 110.0, 110.0, 111.0, 111.0, 111.0, 112.0, 112.0, 112.0, 111.0, 111.0, 111.0, 111.0, 111.0, 111.0, 110.0, 110.0, 110.0, 110.0, 110.0, 110.0, 110.0, 111.0, 111.0, 111.0, 111.0, 112.0, 112.0, 112.0, 112.0, 112.0, 114.0, 115.0, 115.0, 114.0, 114.0, 114.0, 113.0, 113.0, 113.0, 114.0, 114.0, 114.0, 112.0, 111.0, 111.0, 111.0, 110.0, 110.0, 110.0, 110.0, 109.0, 109.0, 109.0, 109.0, 109.0, 109.0, 109.0, 110.0, 109.0, 110.0, 110.0, 110.0, 110.0, 110.0, 109.0, 109.0, 109.0, 108.0, 108.0, 108.0, 106.0, 106.0, 107.0, 107.0, 106.0, 105.0, 105.0, 103.0, 103.0, 102.0, 102.0, 103.0, 103.0, 104.0, 104.0, 104.0, 104.0, 105.0, 106.0, 107.0, 108.0, 109.0, 109.0, 109.0, 110.0, 110.0, 110.0, 109.0, 108.0, 108.0, 109.0, 109.0, 109.0, 111.0, 111.0, 111.0, 111.0, 112.0, 112.0, 112.0, 110.0, 110.0, 110.0, 111.0, 111.0, 110.0, 110.0, 110.0, 109.0, 109.0, 108.0, 108.0, 108.0, 110.0, 110.0, 109.0, 109.0, 109.0, 109.0, 108.0, 108.0, 109.0, 108.0, 108.0, 107.0, 107.0, 107.0, 108.0, 109.0, 109.0, 109.0, 109.0, 109.0, 109.0, 108.0, 107.0, 107.0, 107.0, 106.0, 106.0, 106.0, 106.0, 106.0, 107.0, 107.0, 106.0, 106.0, 105.0, 112.0, 112.0, 111.0, 111.0, 110.0, 108.0, 108.0, 107.0, 107.0, 106.0, 106.0, 106.0, 106.0, 106.0, 106.0, 105.0, 105.0, 105.0, 105.0, 106.0, 106.0, 107.0, 109.0, 109.0, 110.0, 111.0, 112.0, 113.0, 112.0, 112.0, 112.0, 110.0, 110.0, 110.0, 110.0, 110.0, 110.0, 110.0, 111.0, 111.0, 111.0, 111.0, 111.0, 112.0, 112.0, 112.0, 112.0, 112.0, 112.0, 112.0, 113.0, 113.0, 113.0, 113.0, 113.0, 113.0, 113.0, 114.0, 114.0, 114.0, 114.0, 114.0, 113.0, 113.0, 112.0, 111.0, 110.0, 110.0, 111.0, 111.0, 112.0, 112.0, 112.0, 112.0, 111.0, 111.0, 112.0, 112.0, 113.0, 113.0, 112.0, 112.0, 111.0, 112.0, 112.0, 112.0, 114.0, 114.0, 115.0, 114.0, 114.0, 113.0, 113.0, 110.0, 109.0, 108.0, 108.0, 109.0, 110.0, 110.0, 108.0, 107.0, 106.0, 105.0, 106.0, 108.0, 108.0, 109.0, 110.0, 110.0, 111.0, 111.0, 111.0, 111.0, 111.0, 111.0, 111.0, 112.0, 113.0, 113.0, 113.0, 113.0, 113.0, 113.0, 112.0, 111.0, 111.0, 112.0, 110.0, 110.0, 111.0, 111.0, 111.0, 111.0, 111.0, 111.0, 110.0, 110.0, 110.0, 111.0, 111.0, 111.0, 111.0, 111.0, 111.0, 111.0, 111.0, 111.0, 109.0, 110.0, 112.0, 113.0, 114.0, 114.0, 114.0, 115.0, 115.0, 116.0, 116.0, 116.0, 116.0, 116.0, 116.0, 117.0, 117.0, 117.0, 116.0, 116.0, 117.0, 117.0, 116.0, 116.0, 115.0, 115.0, 115.0, 114.0, 114.0, 114.0, 114.0, 114.0, 115.0, 115.0, 115.0, 115.0, 115.0, 115.0, 115.0, 114.0, 114.0, 114.0, 114.0, 114.0, 112.0, 112.0, 113.0, 113.0, 113.0, 112.0, 112.0, 113.0, 113.0, 113.0, 113.0, 113.0, 113.0, 114.0, 114.0, 114.0, 115.0, 116.0, 116.0, 115.0, 115.0, 115.0, 115.0, 115.0, 114.0, 115.0, 115.0, 115.0, 115.0, 115.0, 115.0, 115.0, 114.0, 115.0, 114.0, 114.0, 114.0, 113.0, 113.0, 113.0, 113.0, 114.0, 114.0, 114.0, 115.0, 115.0, 115.0, 115.0, 115.0, 116.0, 116.0, 116.0, 117.0, 118.0, 117.0, 117.0, 117.0, 117.0, 117.0, 117.0, 117.0, 117.0, 117.0, 116.0, 116.0, 116.0, 116.0, 116.0, 116.0, 116.0, 116.0, 116.0, 116.0, 117.0, 116.0, 117.0, 117.0, 117.0, 117.0, 117.0, 118.0, 118.0, 117.0, 117.0, 117.0, 117.0, 117.0, 116.0, 115.0, 115.0, 115.0, 116.0, 115.0, 115.0, 115.0, 115.0, 115.0, 115.0, 115.0, 116.0, 117.0, 117.0, 117.0, 117.0, 116.0, 115.0, 115.0, 115.0, 115.0, 115.0, 114.0, 114.0, 114.0, 113.0, 113.0, 113.0, 114.0, 115.0, 115.0, 115.0, 114.0, 114.0, 114.0, 114.0, 114.0, 114.0, 114.0, 114.0, 115.0, 116.0, 116.0, 116.0, 116.0, 116.0, 116.0, 116.0, 117.0, 117.0, 117.0, 116.0, 116.0, 116.0, 116.0, 116.0, 116.0, 116.0, 116.0, 114.0, 114.0, 115.0, 115.0, 115.0, 115.0, 115.0, 115.0, 115.0, 116.0, 116.0, 116.0, 116.0, 117.0, 117.0, 117.0, 117.0, 117.0, 117.0, 118.0, 119.0, 120.0, 120.0, 120.0, 120.0, 120.0, 120.0, 120.0, 120.0, 118.0, 118.0, 118.0, 121.0, 120.0, 120.0, 120.0, 119.0, 119.0, 119.0, 119.0, 119.0, 120.0, 120.0, 119.0, 118.0, 118.0, 118.0, 118.0, 117.0, 118.0, 118.0, 118.0, 119.0, 119.0, 120.0, 120.0, 120.0, 120.0, 119.0, 119.0, 119.0, 118.0, 118.0, 117.0, 117.0, 116.0, 117.0, 117.0, 117.0, 116.0, 115.0, 115.0, 115.0, 116.0, 116.0, 116.0, 116.0, 116.0, 116.0, 116.0, 115.0, 114.0, 114.0, 114.0, 114.0, 114.0, 114.0, 114.0, 113.0, 114.0, 115.0, 115.0, 117.0, 117.0, 115.0, 115.0, 115.0, 114.0, 114.0, 114.0, 114.0, 114.0, 114.0, 114.0, 114.0, 115.0, 115.0, 114.0, 114.0, 114.0, 114.0, 114.0, 114.0, 114.0, 115.0, 115.0, 115.0, 116.0, 117.0, 116.0, 116.0, 115.0, 115.0, 114.0, 114.0, 113.0, 113.0, 113.0, 113.0, 113.0, 113.0, 113.0, 113.0, 113.0, 113.0, 113.0, 113.0, 113.0, 113.0, 113.0, 113.0, 113.0, 110.0, 110.0, 109.0, 110.0, 111.0, 112.0, 112.0, 112.0, 112.0, 112.0, 112.0, 113.0, 113.0, 111.0, 111.0, 111.0, 110.0, 110.0, 110.0, 110.0, 110.0, 111.0, 112.0, 112.0, 112.0, 112.0, 111.0, 111.0, 111.0, 111.0, 111.0, 112.0, 112.0, 112.0, 113.0, 113.0, 113.0, 114.0, 115.0, 115.0, 115.0, 116.0, 116.0, 116.0, 116.0, 116.0, 117.0, 117.0, 117.0, 117.0, 118.0, 117.0, 117.0, 118.0, 118.0, 118.0, 117.0, 117.0, 117.0, 117.0, 117.0, 117.0, 116.0, 116.0, 116.0, 116.0, 116.0, 116.0, 116.0, 116.0, 116.0, 116.0, 116.0, 115.0, 116.0, 115.0, 115.0, 114.0, 115.0, 115.0, 113.0, 114.0, 114.0, 114.0, 113.0, 112.0, 111.0, 112.0, 112.0, 112.0, 113.0, 113.0, 113.0, 112.0, 112.0, 111.0, 111.0, 111.0, 111.0, 112.0, 112.0, 113.0, 114.0, 115.0, 114.0, 112.0, 111.0, 111.0, 111.0, 112.0, 112.0, 112.0, 112.0, 112.0, 112.0, 112.0, 113.0, 113.0, 113.0, 111.0, 110.0, 108.0, 107.0, 107.0, 106.0, 106.0, 107.0, 108.0, 107.0, 107.0, 107.0, 108.0, 108.0, 107.0, 107.0, 107.0, 108.0, 109.0, 110.0, 110.0, 110.0, 109.0, 109.0, 107.0, 107.0, 107.0, 108.0, 108.0, 108.0, 108.0, 108.0, 108.0, 106.0, 108.0, 109.0, 109.0, 109.0, 110.0, 110.0, 111.0, 112.0, 113.0, 114.0, 114.0, 114.0, 114.0, 115.0, 115.0, 115.0, 115.0, 115.0, 114.0, 114.0, 113.0, 112.0, 111.0, 112.0, 112.0, 111.0, 111.0, 111.0, 110.0, 109.0, 109.0, 109.0, 110.0, 110.0, 111.0, 112.0, 111.0, 112.0, 112.0, 112.0, 113.0, 113.0, 113.0, 113.0, 114.0, 114.0, 115.0, 115.0, 115.0, 115.0, 115.0, 115.0, 115.0, 114.0, 115.0, 115.0, 115.0, 115.0, 114.0, 114.0, 114.0, 114.0, 114.0, 114.0, 114.0, 114.0, 114.0, 114.0, 114.0, 113.0, 113.0, 113.0, 114.0, 114.0, 115.0, 115.0, 115.0, 115.0, 115.0, 115.0, 115.0, 114.0, 114.0, 114.0, 114.0, 114.0, 115.0, 115.0, 115.0, 115.0, 114.0, 113.0, 113.0, 113.0, 113.0, 114.0, 114.0, 115.0, 115.0, 115.0, 115.0, 115.0, 115.0, 115.0, 114.0, 114.0, 113.0, 113.0, 112.0, 111.0, 111.0, 111.0, 112.0, 111.0, 111.0, 111.0, 111.0, 113.0, 113.0, 115.0, 115.0, 116.0, 118.0, 119.0, 119.0, 119.0, 119.0, 119.0, 119.0, 119.0, 119.0, 119.0, 119.0, 118.0, 120.0, 118.0, 117.0, 116.0, 115.0, 115.0, 115.0, 115.0, 114.0, 114.0, 114.0, 114.0, 114.0, 114.0, 114.0, 114.0, 113.0, 112.0, 111.0, 111.0, 111.0, 111.0, 111.0, 110.0, 110.0, 110.0, 110.0, 110.0, 111.0, 112.0, 112.0, 112.0, 113.0, 113.0, 114.0, 114.0, 114.0, 114.0, 115.0, 115.0, 114.0, 114.0, 114.0, 114.0, 114.0, 113.0, 113.0, 113.0, 113.0, 113.0, 113.0, 113.0, 114.0, 114.0, 114.0, 114.0, 114.0, 113.0, 112.0, 112.0, 112.0, 112.0, 112.0, 111.0, 111.0, 111.0, 112.0, 113.0, 113.0, 112.0, 112.0, 112.0, 113.0, 113.0, 114.0, 114.0, 113.0, 113.0, 113.0, 113.0, 113.0, 113.0, 112.0, 112.0, 111.0, 111.0, 111.0, 110.0, 111.0, 111.0, 111.0, 111.0, 112.0, 112.0, 110.0, 110.0, 110.0, 109.0, 109.0, 109.0, 110.0, 110.0, 110.0, 111.0, 112.0, 112.0, 112.0, 112.0, 112.0, 112.0, 112.0, 112.0, 112.0, 112.0, 113.0, 113.0, 113.0, 113.0, 113.0, 114.0, 114.0, 114.0, 113.0, 113.0, 113.0, 113.0, 112.0, 112.0, 112.0, 112.0, 112.0, 113.0, 113.0, 113.0, 112.0, 112.0, 112.0, 112.0, 112.0, 111.0, 111.0, 110.0, 111.0, 111.0, 112.0, 111.0, 110.0, 111.0, 111.0, 110.0, 110.0, 110.0, 111.0, 111.0, 112.0, 112.0, 113.0, 114.0, 115.0, 114.0, 114.0, 114.0, 113.0, 112.0, 112.0, 113.0, 114.0, 113.0, 113.0, 113.0, 113.0, 113.0, 113.0, 113.0, 113.0, 113.0, 112.0, 112.0, 112.0, 112.0, 112.0, 111.0, 111.0, 111.0, 111.0, 111.0, 111.0, 110.0, 110.0, 110.0, 111.0, 112.0, 112.0, 113.0, 113.0, 112.0, 112.0, 112.0, 112.0, 112.0, 112.0, 112.0, 112.0, 112.0, 112.0, 112.0, 112.0, 112.0, 111.0, 111.0, 110.0, 110.0, 109.0, 109.0, 111.0, 112.0, 111.0, 111.0, 111.0, 111.0, 111.0, 111.0, 111.0, 111.0, 112.0, 112.0, 112.0, 112.0, 112.0, 111.0, 110.0, 110.0, 109.0, 109.0, 109.0, 111.0, 112.0, 113.0, 113.0, 113.0, 113.0, 113.0, 112.0, 112.0, 113.0, 114.0, 114.0, 114.0, 114.0, 113.0, 113.0, 113.0, 113.0, 113.0, 113.0, 114.0, 115.0, 115.0, 115.0, 115.0, 115.0, 115.0, 114.0, 115.0, 117.0, 120.0, 122.0, 120.0, 119.0, 118.0, 117.0, 117.0, 116.0, 116.0, 116.0, 116.0, 116.0, 116.0, 116.0, 116.0, 115.0, 115.0, 116.0, 116.0, 117.0, 117.0, 117.0, 117.0, 117.0, 117.0, 117.0, 117.0, 117.0, 117.0, 117.0, 117.0, 117.0, 117.0, 117.0, 117.0, 117.0, 117.0, 116.0, 116.0, 117.0, 117.0, 117.0, 117.0, 117.0, 117.0, 117.0, 117.0, 118.0, 118.0, 118.0, 118.0, 118.0, 117.0, 118.0, 118.0, 117.0, 117.0, 117.0, 117.0, 117.0, 116.0, 116.0, 115.0, 115.0, 115.0, 115.0, 115.0, 114.0, 114.0, 114.0, 115.0, 115.0, 114.0, 114.0, 113.0, 113.0, 114.0, 114.0, 115.0, 115.0, 116.0, 116.0, 116.0, 117.0, 117.0, 117.0, 117.0, 117.0, 118.0, 118.0, 118.0, 118.0, 118.0, 118.0, 118.0, 118.0, 119.0, 119.0, 119.0, 119.0, 119.0, 119.0, 118.0, 118.0, 118.0, 117.0, 117.0, 117.0, 117.0, 117.0, 118.0, 118.0, 118.0, 118.0, 117.0, 117.0, 117.0, 117.0, 117.0, 117.0, 117.0, 117.0, 116.0, 116.0, 116.0, 116.0, 116.0, 117.0, 117.0, 117.0, 117.0, 117.0, 117.0, 117.0, 117.0, 117.0, 117.0, 118.0, 118.0, 118.0, 117.0, 117.0, 117.0, 117.0, 117.0, 117.0, 117.0, 117.0, 117.0, 116.0, 116.0, 116.0, 116.0, 116.0, 116.0, 116.0, 113.0, 112.0, 112.0, 112.0, 112.0, 112.0, 112.0, 113.0, 113.0, 113.0, 113.0, 113.0, 114.0, 113.0, 113.0, 114.0, 114.0, 114.0, 114.0, 114.0, 114.0, 114.0, 114.0, 115.0, 115.0, 116.0, 116.0, 115.0, 115.0, 115.0, 116.0, 116.0, 116.0, 116.0, 115.0, 115.0, 115.0, 115.0, 115.0, 116.0, 116.0, 116.0, 117.0, 117.0, 117.0, 117.0, 117.0, 117.0, 117.0, 116.0, 116.0, 115.0, 115.0, 114.0, 114.0, 114.0, 114.0, 113.0, 113.0, 113.0, 113.0, 113.0, 113.0, 113.0, 114.0, 114.0, 114.0, 114.0, 114.0, 114.0, 114.0, 115.0, 115.0, 115.0, 114.0, 114.0, 112.0, 111.0, 110.0, 111.0, 111.0, 111.0, 111.0, 111.0, 112.0, 113.0, 113.0, 113.0, 113.0, 113.0, 113.0, 116.0, 116.0, 117.0, 116.0, 116.0, 116.0, 116.0, 116.0, 116.0, 115.0, 115.0, 115.0, 115.0, 115.0, 114.0, 114.0, 114.0, 113.0, 113.0, 113.0, 113.0, 113.0, 112.0, 111.0, 111.0, 110.0, 110.0, 110.0, 110.0, 110.0, 110.0, 109.0, 111.0, 109.0, 109.0, 109.0, 109.0, 109.0, 109.0, 109.0, 110.0, 109.0, 109.0, 111.0, 111.0, 111.0, 111.0, 111.0, 111.0, 112.0, 112.0, 113.0, 114.0, 114.0, 115.0, 115.0, 115.0, 115.0, 116.0, 116.0, 116.0, 116.0, 116.0, 116.0, 116.0, 116.0, 115.0, 115.0, 116.0, 116.0, 116.0, 117.0, 117.0, 117.0, 118.0, 118.0, 118.0, 117.0, 117.0, 117.0, 117.0, 117.0, 117.0, 117.0, 116.0, 116.0, 115.0, 115.0, 115.0, 115.0, 115.0, 115.0, 115.0, 115.0, 114.0, 113.0, 113.0, 112.0, 113.0, 113.0, 113.0, 114.0, 113.0, 113.0",7819,61,1
19/10/17,17,,,,6207,17,
20/10/17,26,,,,7142,26,
21/10/17,,,,,0,0,
22/10/17,,,,,0,0,
23/10/17,41,,,,8903,41,
24/10/17,41,,,,10532,41,
25/10/17,57,,,,10891,57,
26/10/17,51,16,Longbow,"95.0, 95.0, 95.0, 94.0, 94.0, 94.0, 95.0, 95.0, 95.0, 94.0, 91.0, 91.0, 91.0, 92.0, 92.0, 93.0, 94.0, 95.0, 95.0, 95.0, 96.0, 98.0, 99.0, 98.0, 97.0, 97.0, 97.0, 97.0, 98.0, 98.0, 99.0, 99.0, 98.0, 96.0, 96.0, 96.0, 96.0, 97.0, 98.0, 98.0, 98.0, 98.0, 96.0, 92.0, 91.0, 91.0, 91.0, 91.0, 92.0, 93.0, 93.0, 95.0, 96.0, 96.0, 98.0, 100.0, 101.0, 101.0, 100.0, 100.0, 99.0, 98.0, 98.0, 98.0, 98.0, 99.0, 98.0, 99.0, 96.0, 95.0, 93.0, 92.0, 92.0, 92.0, 93.0, 93.0, 94.0, 94.0, 94.0, 95.0, 94.0, 92.0, 91.0, 90.0, 90.0, 90.0, 91.0, 92.0, 92.0, 92.0, 92.0, 92.0, 93.0, 93.0, 93.0, 93.0, 94.0, 94.0, 94.0, 94.0, 95.0, 94.0, 95.0, 96.0, 97.0, 98.0, 99.0, 99.0, 98.0, 97.0, 97.0, 96.0, 95.0, 96.0, 95.0, 94.0, 92.0, 89.0, 88.0, 88.0, 86.0, 87.0, 88.0, 90.0, 90.0, 91.0, 92.0, 92.0, 92.0, 93.0, 94.0, 95.0, 97.0, 96.0, 94.0, 94.0, 92.0, 91.0, 91.0, 92.0, 94.0, 95.0, 97.0, 98.0, 99.0, 100.0, 100.0, 98.0, 97.0, 95.0, 94.0, 94.0, 95.0, 96.0, 96.0, 96.0, 96.0, 96.0, 96.0, 97.0, 97.0, 97.0, 98.0, 98.0, 99.0, 99.0, 99.0, 100.0, 101.0, 101.0, 101.0, 100.0, 100.0, 101.0, 101.0, 101.0, 101.0, 101.0, 100.0, 99.0, 100.0, 99.0, 97.0, 96.0, 96.0, 95.0, 94.0, 94.0, 95.0, 97.0, 97.0, 97.0, 96.0, 95.0, 95.0, 96.0, 97.0, 98.0, 99.0, 100.0, 100.0, 99.0, 96.0, 96.0, 96.0, 98.0, 98.0, 99.0, 100.0, 99.0, 99.0, 99.0, 99.0, 99.0, 101.0, 101.0, 102.0, 102.0, 102.0, 102.0, 98.0, 98.0, 96.0, 95.0, 96.0, 96.0, 96.0, 97.0, 96.0, 97.0, 97.0, 97.0, 98.0, 99.0, 99.0, 99.0, 99.0, 99.0, 99.0, 99.0, 99.0, 99.0, 99.0, 99.0, 99.0, 98.0, 97.0, 97.0, 98.0, 98.0, 98.0, 97.0, 96.0, 96.0, 96.0, 97.0, 97.0, 98.0, 98.0, 98.0, 98.0, 95.0, 96.0, 96.0, 99.0, 99.0, 99.0, 100.0, 100.0, 100.0, 100.0, 100.0, 100.0, 101.0, 101.0, 102.0, 101.0, 100.0, 100.0, 100.0, 99.0, 98.0, 98.0, 97.0, 97.0, 97.0, 97.0, 97.0, 96.0, 97.0, 97.0, 98.0, 98.0, 97.0, 97.0, 96.0, 97.0, 98.0, 98.0, 100.0, 101.0, 101.0, 101.0, 101.0, 100.0, 97.0, 97.0, 96.0, 97.0, 98.0, 99.0, 99.0, 100.0, 101.0, 101.0, 101.0, 102.0, 102.0, 102.0, 98.0, 97.0, 95.0, 96.0, 97.0, 98.0, 98.0, 98.0, 98.0, 98.0, 99.0, 101.0, 101.0, 102.0, 102.0, 100.0, 99.0, 99.0, 99.0, 99.0, 100.0, 101.0, 101.0, 101.0, 98.0, 97.0, 97.0, 97.0, 98.0, 98.0, 99.0, 99.0, 98.0, 97.0, 98.0, 100.0, 100.0, 102.0, 102.0, 101.0, 100.0, 98.0, 98.0, 98.0, 97.0, 98.0, 97.0, 97.0, 97.0, 98.0, 99.0, 100.0, 100.0, 101.0, 102.0, 102.0, 102.0, 102.0, 103.0, 103.0, 104.0, 105.0, 105.0, 107.0, 111.0, 112.0, 114.0, 114.0, 113.0, 113.0, 112.0, 110.0, 112.0, 114.0, 114.0, 114.0, 115.0, 115.0, 114.0, 114.0, 112.0, 112.0, 112.0, 112.0, 112.0, 110.0, 110.0, 108.0, 108.0, 109.0, 109.0, 107.0, 107.0, 107.0, 107.0, 107.0, 107.0, 107.0, 106.0, 106.0, 106.0, 105.0, 104.0, 104.0, 103.0, 103.0, 103.0, 103.0, 103.0, 103.0, 109.0, 109.0, 109.0, 105.0, 105.0, 105.0, 103.0, 102.0, 101.0, 100.0, 100.0, 98.0, 96.0, 96.0, 94.0, 96.0, 96.0, 95.0, 96.0, 96.0, 96.0, 97.0, 97.0, 98.0, 99.0, 99.0, 105.0, 105.0, 111.0, 116.0, 116.0, 114.0, 113.0, 111.0, 110.0, 108.0, 108.0, 108.0, 105.0, 104.0, 103.0, 102.0, 102.0, 102.0, 101.0, 102.0, 102.0, 102.0, 104.0, 104.0, 105.0, 110.0, 114.0, 114.0, 114.0, 114.0, 112.0, 112.0, 111.0, 109.0, 109.0, 108.0, 107.0, 107.0, 106.0, 106.0, 105.0, 105.0, 105.0, 106.0, 105.0, 105.0, 104.0, 103.0, 102.0, 101.0, 102.0, 102.0, 102.0, 103.0, 103.0, 104.0, 106.0, 106.0, 106.0, 106.0, 106.0, 106.0, 107.0, 108.0, 108.0, 108.0, 108.0, 106.0, 105.0, 105.0, 105.0, 105.0, 103.0, 102.0, 102.0, 102.0, 102.0, 103.0, 103.0, 102.0, 102.0, 102.0, 102.0, 105.0, 106.0, 106.0, 106.0, 106.0, 106.0, 106.0, 106.0, 106.0, 105.0, 104.0, 103.0, 104.0, 104.0, 105.0, 105.0, 106.0, 106.0, 107.0, 107.0, 108.0, 109.0, 109.0, 109.0, 109.0, 110.0, 111.0, 111.0, 111.0, 111.0, 110.0, 109.0, 110.0, 110.0, 109.0, 111.0, 109.0, 111.0, 111.0, 111.0, 111.0, 111.0, 111.0, 110.0, 110.0, 115.0, 115.0, 113.0, 112.0, 111.0, 110.0, 110.0, 110.0, 110.0, 110.0, 110.0, 109.0, 110.0, 111.0, 111.0, 110.0, 111.0, 111.0, 111.0, 111.0, 109.0, 108.0, 107.0, 106.0, 106.0, 106.0, 107.0, 108.0, 109.0, 110.0, 110.0, 111.0, 111.0, 110.0, 109.0, 108.0, 108.0, 108.0, 108.0, 108.0, 110.0, 110.0, 110.0, 110.0, 110.0, 111.0, 111.0, 110.0, 109.0, 109.0, 109.0, 109.0, 109.0, 109.0, 109.0, 108.0, 108.0, 108.0, 108.0, 108.0, 108.0, 108.0, 109.0, 110.0, 110.0, 110.0, 108.0, 108.0, 107.0, 106.0, 107.0, 108.0, 109.0, 109.0, 110.0, 111.0, 110.0, 108.0, 107.0, 107.0, 107.0, 105.0, 106.0, 106.0, 106.0, 104.0, 101.0, 98.0, 98.0, 98.0, 97.0, 97.0, 96.0, 95.0, 95.0, 95.0, 95.0, 101.0, 101.0, 102.0, 103.0, 103.0, 103.0, 105.0, 107.0, 108.0, 108.0, 108.0, 107.0, 107.0, 107.0, 107.0, 108.0, 108.0, 109.0, 109.0, 109.0, 109.0, 110.0, 111.0, 110.0, 110.0, 108.0, 107.0, 107.0, 108.0, 109.0, 109.0, 110.0, 110.0, 110.0, 108.0, 114.0, 113.0, 111.0, 111.0, 109.0, 110.0, 111.0, 111.0, 111.0, 111.0, 111.0, 111.0, 111.0, 111.0, 111.0, 111.0, 111.0, 110.0, 110.0, 110.0, 110.0, 110.0, 109.0, 109.0, 109.0, 115.0, 118.0, 117.0, 115.0, 115.0, 110.0, 110.0, 109.0, 109.0, 109.0, 109.0, 109.0, 108.0, 108.0, 108.0, 108.0, 108.0, 108.0, 108.0, 109.0, 109.0, 110.0, 110.0, 111.0, 111.0, 111.0, 112.0, 112.0, 112.0, 112.0, 112.0, 112.0, 112.0, 112.0, 113.0, 113.0, 113.0, 113.0, 112.0, 112.0, 111.0, 111.0, 111.0, 111.0, 112.0, 112.0, 115.0, 115.0, 115.0, 113.0, 113.0, 111.0, 111.0, 111.0, 111.0, 112.0, 112.0, 113.0, 114.0, 114.0, 115.0, 116.0, 117.0, 116.0, 116.0, 116.0, 113.0, 113.0, 112.0, 111.0, 110.0, 110.0, 110.0, 110.0, 111.0, 112.0, 113.0, 113.0, 113.0, 112.0, 112.0, 112.0, 112.0, 112.0, 113.0, 114.0, 114.0, 114.0, 110.0, 109.0, 109.0, 109.0, 111.0, 113.0, 114.0, 115.0, 116.0, 116.0, 117.0, 117.0, 115.0, 115.0, 115.0, 116.0, 116.0, 116.0, 117.0, 118.0, 118.0, 119.0, 119.0, 118.0, 117.0, 117.0, 117.0, 117.0, 118.0, 118.0, 119.0, 120.0, 120.0, 120.0, 121.0, 120.0, 119.0, 119.0, 119.0, 120.0, 120.0, 120.0, 119.0, 119.0, 119.0, 119.0, 119.0, 119.0, 119.0, 120.0, 119.0, 119.0, 119.0, 119.0, 119.0, 120.0, 119.0, 121.0, 121.0, 120.0, 120.0, 119.0, 118.0, 117.0, 117.0, 116.0, 117.0, 117.0, 117.0, 117.0, 117.0, 117.0, 117.0, 120.0, 120.0, 120.0, 120.0, 120.0, 120.0, 121.0, 121.0, 122.0, 122.0, 122.0, 122.0, 122.0, 121.0, 121.0, 121.0, 121.0, 121.0, 121.0, 121.0, 121.0, 121.0, 122.0, 121.0, 121.0, 120.0, 120.0, 120.0, 118.0, 117.0, 117.0, 117.0, 117.0, 116.0, 115.0, 115.0, 114.0, 112.0, 112.0, 113.0, 112.0, 111.0, 111.0, 111.0, 108.0, 107.0, 107.0, 106.0, 108.0, 109.0, 109.0, 109.0, 109.0, 110.0, 111.0, 111.0, 117.0, 122.0, 126.0, 126.0, 125.0, 123.0, 122.0, 122.0, 121.0, 119.0, 117.0, 115.0, 114.0, 114.0, 114.0, 114.0, 113.0, 113.0, 113.0, 113.0, 114.0, 115.0, 115.0, 114.0, 114.0, 114.0, 113.0, 112.0, 113.0, 114.0, 112.0, 114.0, 113.0, 112.0, 112.0, 112.0, 113.0, 113.0, 114.0, 114.0, 114.0, 115.0, 115.0, 115.0, 115.0, 114.0, 114.0, 114.0, 112.0, 112.0, 111.0, 110.0, 110.0, 108.0, 107.0, 107.0",12487,67,1
27/10/17,22,,,,10144,22,